Locus Tag,Genome Name,Construct Name,AA seq
Ga0189683_3226,Asticcacaulis sp. CF398,Ast_undef_01,MIKLISYKEISEYSGLFFSQFQLRHREFIHRQRYDVHSLDGMEFDAYDTLAAHYLVFTEDDRTVLGCSRLTPIAYGCMLADHFPGLVDDPSIFSAPNVWEGTRFCVDSRLPAAQRQHISRSLAAAYLAFGLTMGVDRIIGLMPTLILRSVFERAGIVLDRLGAPHPIGTHARIQAASIAITPEQLSRVEAVTGLSGILADTSRPATHVA
Ga0307684_10559,Bosea sp. BK604,Bos_undef_01a,MIHVIDASNAPRYEAQLQEHFFIRHRIYVGERKWQALERPDGREIDQFDNEDAIYLLALEGSRVVGGTRLVPTLRPHLMSEVFPYLANVRGLQRGPDIVEWTRIFAIPERRGASHTVLHSVLAGMLEYCLQNEITAITVVMETWWMPRFLELGWDVVPLGLPAMIDGMSCVGAMIRVTEAAWRNTLAFKGLTAPVLHQAASTVPQGQRGILHG
Ga0215737_11013,Bosea sp. CF476,Bos_undef_01b,MIHVIDAGNRHLYGAEVEQHFKIRHQIYVGERKWMALERPDGREVDQFDNEDATYLLAIENGRVVGGTRLVPTLGPHLMADVFPFLADVRGLQRGSDIVEWTRIFVVPERRGGDSKVLHTVLAGMFEHCLANEIAAITVVMETWWMPRFLELGWEVRPLGLPTMIDGMNCVGTIITVSEEAYRRTLAFKDIDGPVIAPRRAAKQAPGERRISHG
Ga0066723_103835,Bosea sp. OK403,Bos_undef_01c,MIHIIDASNRRLYADQIEEHFRIRHRIYVEERRWMELERPDGREVDQFDTEDAVYLLALKEGKVIGGSRLVPTLCPHLMSEVFPFLANIRGLQRGPDIVEWTRIFVVPEYRGRESTVLHSVLAGMLEYCLEQNFSAITVVMETWWMPRFLELGWEVKPLGLPTMIDGMSCIGTMISVTEEAWRNTLAFKRIAAPTLVDRRHGPRIIEERRTNHV
Ga0307654_4262,Bosea sp. BK498,Bos_undef_02,MLVVIPGSDIDRHVALMDRVFRFRHSIFVDEKAWIDLRRPDGLERDQFDDEHAVHHVCLRGDEIVGYQRLLPTTRPHLLTEVLGDLCREQPPTGPRVFEWTRFCVAPGWRDFRPRPDGPFLELVQGLVEWGLRRRVDTVTVVIDWRLMVKAMQLRFFARPLGFPKKIGRDEVVALRMSFNRETLDTIHEARGSKTSVVSEIPLPTAA
Ga0307654_4038,Bosea sp. BK498,Bos_undefMesI,MAAIHVVTWNNRRQYRRELERYFRIRYDIYVKRRQWHALARPINIEMDAFDTEHAVYLLALDSVGKIVGGSRLVPTLQPHLLGDVFPGLAPAGAPRAPDIFEWTRFFVSPALRSRGRSSPIAGIVLCGVLEVAHKLGIRQISVVCESFWPKRLRAFGWSILELGDILQHQDGDIIALLIDVTPEAIASTRRAYGIREPILAEAATTG
PMI01_00487,Caulobacter sp. AP07,Caul_undef_01a,MIHIVTSENRHLYGPQLWAMHEQRREQCVEKNGWVDLVVLDGGEVDDYDDLAAIYLLGFDDDMRLEVGLRLHPTDERCMLADKYPQLIAPGESPKKGPDVWEATRLFTTEAYRAKKGPGRGARVFEAWAAAMELALVNGVERFVGMIDMSLYPGIMNSPIDTRLVGLPRPYAFGVVAGSEIALSQALLERVREALGIEGPVGYHVDELDLRAFGNLTAVQHQVIRAQIPQFHPGSPRDEALAAETLYRLNDVASLARRIWADRDAHAEQPLNA
EX01DRAFT_3060,Caulobacter sp. OV484,Caul_undef_01b,MIHVITSENRHLYGPQLWAMHEERRRQCVEKNGWIDLVVLDGGEVDDYDDHRAIYLLGFSDTMEVEVGLRLRPTDDRCMLADKFAHLIAPGETPKKGLDVWEATRLFTTEAYRKRKGPGRGERVFECWAAAFELALRHGVTRFVGMIDMQLYPGILNSPIDTRLVGIPRPYAFGVVAGSEIAVSRDLLDRVLEALGREGPIGYEIDALDLMAFGDLAAVQRQVRRAMTPQLVAGPERDETLAAETLFRLHDTSGQARRIWDDRARRLHA
EW97DRAFT_02135,Caulobacter henricii OK261,Caul_undef_01c,MIHIVTSENRHLYGPQLRAMHAQRRCVENGGAFVDGGEIDDYDDARAIYLLGFNDVMALEVGLRLRPTDDRCRLADQFPHLIAPGEPSKKGRDVWEASRLFTTETHRKRKGGERVFELWAAAMEMALANGVTRLVSLIDMRLYPAVLNSPIDTRLVGLPRPCADGVVAGSEIVVSRALLDRVLEAIGKDSPIGYHVDAMDLRAFGDLAAVQRQVIRATIPQLSAGAERDETLSAETLFRLHDTPRQARRFWTERDGEHPSPLHA
Ga0070536_101390,Collimonas sp. OK412,Coll_undef_01,MNVISGAAAELSSELFSKISSYRHKVFVETLQWKLETKDGAELDQFDHADTIYVVAQDNRGEVNGCARLLPTNQPYLLSEVFPQLLKGAAPPCTTEVWELSRFAAVDFSKKNETPLGQVSSSNAYQLLQASIDCAAHRGAKRLITVSPIGIERWLLRGGFKAHRSGPPMLVDGHRIFACLIDV
Ga0115462_104363,Duganella sp. CF517,Dug_undef_01,MNTSYATASQLKVIDLNQIFRYRYSVFVERLHWTLPCAGAGLEVDQFDRDDTYHVCVRDAGATIGYARLLPTTEPYLLSEVFPQLMDKAMIPRSPAVWELSRFCSVDLRSAGESRRQADYWGCQAVLRTAVQCALEHGVSRLVAVSAVAMERILARLGVNASRASPTMRLHGHNVYAFWIDLDDITKNALGISSIAAKAA
Ga0115461_1326,Duganella sp. CF458,Dug_undef_02,MNVTAGTAGGGLSKQLFSEMGCYRNKVFVETLGWDLQLQDGQELDQFDRPDTLYVVSQDDDGRVNGCARLLPTNRPYLLGEVFPQLMNGQPVPCSADVWELSRFASVDFAAGTVTPLSQFSASVAAQLLHESIRYAAAHGAKRLITVSPIGIERLLRRTGVHAHRAGPPMIVNGHPIFACWIEIDSAVA
Ga0215748_13822,Ensifer sp. AP48,Ens_undef_01,MMVIAIEKGSWSDTRHFLDQMYGLRAKVFDERLGWQVAARDGRERDTFDDLDPVYILAVTAKNDVVGCVRLLPATGPTMLMSVFPQLVSDEAFSPHAQMVESSRFCVDTTTQRKGRGGLHHVTRLMFAGILEWCLSRGHTQVVTVTDLAIERILGRAGWLLRRLGPPQRVGRTRALAGVLAVDSGTFERLKPVGYVSTIDHPIALTSSVTL
Ga0115544_1691,Janthinobacterium sp. YR213,Janth_undef_01,MVITVSACTRDNMKPEDTHAMYRLRHMVFCERLHWDVHTADGMESDEYDDLFPVYMLARDISGKLFGCARLLPTTGDYMLKSVFPQLLQGNPIPNAEDTWELSRFAFEQSKGGEHRFSLASSHMVVEALEFALDNNITCYVGVTTVAFEKLLRKIGLHVKRFGPPMMVGHERSVAFSIDVTTAQLAAARSSLLLAAQHVAPPARASQPARVVQ
Ga0115467_1565,Massilia sp. CF038,Mass_undef_01,MALHIRIAARRDFKSRDLWEMHKLRAKVFKDRLGWEVPILSGMEIDGYDALDPLYMMIREPGGGALRGCWRLLPTEGPYMLKDSFAQLLHGQDAPQHARIWELSRFAIETDGNACFGFSEITMESIGEIISHGYHAGIDQYVTVTTTAIERLLRRAGVVTRRFGAPLQIGVERAVALYVDVPATHAVMFDTRLAS
Ga0115469_12522,Mesorhizobium sp. YR577,Meso_undef_01,VQIHVVNAANRHLYTAELEDFFRARHAIYVEEKQWRDDDGSGMEIDQFDTDEATYMIGIVDDQVMTGTRLLPTTEPHMLSEVFPHSCNFTGVPRQPDVAEWTRGFIVPSFREKGHGPIKGQFCGTVMEYCLNEGITRIGGIQDLYWLPLWKRFGWTVRQIGNPILIDDRWCVAAYFDVTQEARDRALARGNLDHSILVHRGPYEPFMQQFSSSRTGGARAA
Ga0066755_10834,Methylobacterium sp. YR596,MethA_undef_01,LITIIDRENYRDHAALLDRIYCFRHRLFVETMRWEACRKPDGRERDQFDGPDCIHVAGTDDGEVVSYSRLLPTTRPHLQTHVYPQLLQGATAPSGPRLFEWTRCGAAPWRRASATAKDPIAGRQFVAVAELTGTLGLDGYLIQAHPIMITHLATMGWDTEPLALPMMYDGNPLVPFIARWTPATADTTRAVFGLEGTAYDVPRGLGRDERDRARPDLRFA
Ga0189710_101372,Methylobacterium sp. GV104,MethA_undef_02,MIQIVTPANEYCFREEMEQVWRLRHAIFVEEKRWLDLARPDGREIDQFDTAHAMHFLAIESGRVIGYSRLLPTTRPHLLSDVLPQLCEGALPRGHDTWEWTRQAVARSHRGRGKAVNPVSLALLSGIVEWGLANGVRQLVLQMPTLYLLHVVQLHFRARPLGLPQSISGEDIIAATAEFDDRTLARLRALTGRTESVLAPTYPYLAA
Ga0307702_101303,Methylobacterium sp. BK227,MethA_undef_03,VIHIVTPANADRYADAMEQAWRLRHDIFVAEKGWSELARPDGREIDQFDTPHAIHFLAMEDDTVVGYSRLLPTTRPHLLSDVLPQLCEGERPVGPQIWEWTRQGVARSHRAKGRVVNPVSIALLTGIVEWGLAHGVNSLLLQMPTLYMIHVIQLHFRPQPLGLPVPIAGEEIMAATARFDARTLAKLRAVRGDSRSVLVSEPAYLVA
Ga0066756_1354,Methylobacterium sp. AP11,MethA_undef_04,MIHVVDASNISEYASEIEAVWRLRHQVFVEEMGWRDLDRPDGREIDQFDTPATVHLLAIDNGQVIGYSRLVPTLGPHLMSEVFPYACEGEVPRGPQIWEWTRQAVATSHRARGTSRLVTVRLLAGIVEWGMAHGVTSVTTLMPMSYLGPFLDAHFRVVPLGLPLEIDGKRTLAGQAHFDARTLRRLGEMRGDTTPVLVNRSAAARVA
Ga0066755_12413,Methylobacterium sp. YR596,MethA_undef_05,MIDILTNADREARAADFDAMFRARAAVFHDRLGWAVCVRDGWESDRYDEDEDPVYLVSRNGEGCVTGSLRILPTTGETMLRNEFAGFFDEPVDVQTPIAWECTRFCVHPRNRPNDQSDLQVSSELLIGLCCLCLSSGIEQVMGLYDQAMTRIYRRIGWSPVPLARSKPEVGQLIVGIWDVSHEAIEAMTVRSVPDRPGFGLVEKRHALRASA
Ga0365262_63,Novosphingobium sp. BK258,Novo_undef_01,MTTMLPNPMLSRARPQPSPPAPVDVETKALRAMFAARKRVFVDLLGWDLPVLAGRFEVDQFDNPCAEYLVLADTDGNHCGSARLLRSDGPHLLGDLYAHLCPAGVPCGPGIREITRFCLDPALGAVARRKTRNQLVTALAEHALAHGIAAYTGIATHAWFEQIARFGWVCRKLGPAGDLRASDLVALQITIDDQTLPGLIAGGVYDRAARVLHRAGDLA
Ga0189719_3784,Novosphingobium sp. GV013,Novo_undef_02,MVVTGNGIEQALSGRVFRSMFEERKRVFVDLLGWDIPVLARRYEIDQFDDDEAVYIVITDETGEHAGSARLLQTDRPHILDTIFPNLCDGVPPTGPTVREITRFCLARRLKAHERLATRNRLVSALVEYALTNGITTYTGVAEWAWFQQILAFGWECLPLGLPDNNDPRGLSAMRINITPDTPHLLRQSGIFAQIHLMDLDRAVA
Ga0189719_3534,Novosphingobium sp. GV013,Novo_undef_03,MPQILDSLALASEDLALRAMFAARKRVFVDLLKWNVPVISGRYEVDQFDTRDADYLILLDHAQQHRASARLLRTERPHLLSELYPFLCERPAPSGPTVREITRFCLDPLPGAAERRHARDQLVFALVDHALQEGITDYTGVATLGWFAQIVRFGWHCVALGAPTRVGDQTLVALHICVDERTRPCLEASGLYREPAFRLAGNRQVLA
PMI02_00996,Novosphingobium sp. AP12,Novo_undef_04,MQQKMAEMPACGLFAPDHEAFRAMFAARKEVFIDLLKWDLPVLAGQFEVDQFDDPGAEYLILLDRNGAHRASARLLQTDRPHLLGGQYAHLCDGPVPSGPTVREITRFCLDRHQTAGDRRSARNQLVCALVEHALRSGITDYTGVAEISWLMQVLRFGWHCVPLGRAIRHGDTMLAALHIRIDGQSIEGLKDKGVYEPLSLKLVGSMEGPE
PMI39_00508,Pantoea sp. YR343,Pant_undef_01,MKVIQTQLKDMPSSLLAELGTYRYSVFARGEGWSIPPRLSTPGQEYDRFDRSDVTWLIAWNARQGICGCARLLPWHEPEVPEGFVLPFDQEKVWEMSRFSARLEVDAELPLSILWHSVQLAELSGMEYLISSATPMLEKMFEQHQVVYEPLSPGLIQSEDNLFAIRIPVDQPALAEKYRGTRRFSPEEVLPSLGVSVNWQSHS
Ga0115492_1196,Phyllobacterium sp. YR620,Phyl_undef_01,MIYVIGADDYISHNHFLDQMFRLRARVFKERLNWDVQVQNGRETDRFDTFDPLYLTSVNEQTGRLQGSLRLLPTTGPNMLRDVFGALLPDGEFIESPLIWESSRFCIDPDLAAPLDGRLNSVTTELFCGVVEVGLFAGLDTVVSVYDARMARIFRRANWAPRSVGVPTHFGGILTHAGMFEISDIARKRLGKAGDRPDPVIMQLNPSPALFLNAQMSNPQ
PMI41_00059,Phyllobacterium sp. YR531,Phyl_undef_02,MIVHAVRDASVDRDNRLIDEQHHLRARVFAGRLGWNVNVLNGRETDEYDALLPTYILAISEAGAVVACARLLPAIGPTMLQRTFPQLLASRCLKAHPRMIESSRFCVDTSLVEGRGGVLHEATLTMFAGIIEWSIANGYDEVVTATDLRFERILNRAGWPMRRLSEPCRIGSTVAVAGSLAADVESFNKVCPTGYRSTIARGHMRAA
Ga0189755_106176,Pseudomonas sp. GV085,Pseu_undef_01,MKIKLCNLQLHLSTGCRWADIDKLTMVARLIFRTRKFIPRDLYEPHHLVLKYQFPWKNVNNMKAIEFHALDYSATPHAWVADLYRLRKEVFADRLSWKVNINNGIEFDEYDSERTTYLIGTWEGVPLAGLRLISTLDPYMVEGPFRDFFRCEPPKHALMAESSRFFVDKIRSRQYGLAQAPLTEMLLFCMHNYAAGSGLESIITVVSNAMGRVVRNAGWHYEVLDTGEASPGEKVLLLNMPVTEFNRQRLMSSIARKQPLSSTQASQWPHRLYIRDTPLG
PMI21_00710,Pseudomonas sp. GM18,Pseu_undef_02,MDYMSGRYDELTTVERQRLAHYRYQVFVERLGWQLSTPADFEFDQFDHSGTHYIVAEQDDGNIKGCARLLPTTQPYLLSEVFTSLLGDVPAPCQDDIWELSRFTSLDLDAPAGKDEQMMSDETTVGLFMATLDYAKTRGVSHLVSVSPVAIGRLLKRGGIDFKWLAPPQVLDNRTLGACYITVQ
Ga0115494_11851,Pseudomonas sp. PDC86,Pseu_undef_03,MLTAITGTVGELLPGMARALANYRYEVFVKTLGWPLHCEEGIELDAFDRPDTVYVVACDRDREIFGCARLLPTNGPYLLGEVFPHLMGASSPPFSPGIWELSRFAISQPKGQVLTAAQAWKNTVTLVREVIDVARSKGAFRLIAFSAVGNERLLKRMGVNTRRISPPHLIDNQSVVPFWIEIDDQTTRALCLAA
Ga0115494_11261,Pseudomonas sp. PDC86,Pseu_undef_04,MYMTTGTRLTLPIELWQALLRYRYRVFVEKLGWHLDCAIGEELDQFDRDDTVYVIAHQGPRIVGVARLLPTHKPYLLGEVFPQVLGDQALPHSADIWEISRFAAVDLQQQTFTGHSMSSPNAVALLHEVLKVAARHEVRQLITVSPPGIARLLRKAGFDAHCGEKLTVIEGQKIMANWIRVPPSLVDREVA
EX27DRAFT_02173,Pseudomonas putida PD1,Pseu_undef_05,MLISIKQRSEMDSAHLKAMHALRARVFKDRKQWDVSIIDDMEIDGYDALNPYYMVVRDPTDPQVPIGCWRLMPTTGPNMLAHSFPQLLDGQPAPCCTDVWELSRFAIDSPARSAGRFSHGTTHAIRAVVAFGLARNLSRYVTVTTTGVERLLRRLGVDLSRLGPAQQIGVEKAVALKIELNEITLQALMAR
Ga0307660_11043,Rhizobium sp. BK418,Rhiz_undef_01a,MFATAIAPADAASHQYLLDSMFRLRARVFGARLKWQVTVEDGRERDPFDALTASYIIIVDEGGEAIASARLLPALGPTMLVDVFPELLGDRPFVPHARMVESSRFCVDTETNPAATGAFGLNEATVFLFAGILEWCLANDMTEIATVTDLRFERILKRAAWPLSRYGKPRLIGNVMSVAGSLPVSQQLFQALRPPAYRSTLSSSFRCAA
Ga0365303_6308,Rhizobium sp. BK527,Rhiz_undef_01b,MFVKAIGPADRASHASLLDSMFRLRARVFGGRLAWRVSVEEGRERDRFDALDPHYIIVVGDDGEAIASARLLAASGPTMLADVFSVLLDGNPFVAHPDMVESSRFCVDTQAEAARSGSSGLNEATLFLFAGILEWCLANGKTEIATVTDVRFEPILKRVSWPLQRYGEPRLIGEVRSVAGCLPVSRELFQAIRPPAYRSNLSHSFCSAA
EW94DRAFT_04794,Agrobacterium rhizogenes OK036,Rhiz_undef_02a,MLHIITAQNIDKYEEEMDQALRLRHRVFVEERGWNNLASADGRETDQFDTADAVHMLFIDQGEVLGYQRMLPSTGPHLLSDVLPQLCEDERPVGRNIWEWTRYCVAPGYREHGRALSAVSNALLSGFVEWGSENGINTVIIEMQPLWTLRLLQLHFKVSALGLPQLISGEDVVAVTASFDHRTLAKLYSLKTDLRRRAA
Ga0365268_93,Rhizobium sp. BK289,Rhiz_undef_02b,MLHIVTDRNMHDYQDEMDQAFRLRHRVFVDERGWNDLTRADGRETDQFDTADAVHMLFINEGEVLGYQRMLPSTKPHLLSEVLPQLCEQERPIGRHIWEWTRYCVEPAYREHGRALSAVSNALLSGFVEWGLENDINTVIIEMQPLWILRLLQLHFRVSALGLPQSISGEDVVAVTASFDERTLTKLRSLKTDLRRRAA
EX07DRAFT_04772,Rhizobium lusitanum YR374,Rhiz_undef_03a,MQVLAISPDRFVEHQILLKQMYRLRADIFGGRLEWDVTIVDGDERDQYDDLDPTYILAISGGNVVGCARLLPAVGPTMLELTFPQLLAEGSLNATSAMIESSRFCVDTTLPAGRGGGQLHLATLTMFAGIIEWSMANGYDKIATATDLRFERILNRAGWPMARLGEPVAIGNTVAIAGTLPADQESFEQVRPANYRSVLSRTDNHSVRSAA
Ga0365310_6753,Rhizobium sp. BK591,Rhiz_undef_03b,MRILSVSADHYGSHRNYLNQMHHLRASVFGKRLEWDVVLTSAGERDQYDDLRPTYILAIAFDRKVVGCARLLPASGPTMLERTFPQLLANGLGAHAAMIESSRFCVDTSLPAGRGGGQLHLATLTMFAGIIEWSIVNGFREIVTATDLRFERILKRAGWPMRRLGSPVSIGDTVAVGGVLPADPTSFDRVCPPGYDPITTNGAGNRIRSAA
Ga0365259_6423,Rhizobium sp. BK226,Rhiz_undef_03c,MHILTVSPDRYVNYLDHLAQMYRLRAKVFSGRLAWDVTITEAGERDEYDRFDPTYILAVTDNQNVVACARLLPTLGPTMLEQTFPQLLTISLNASANTVESSRFCVDTTLAAGRGAGQLHLATLMMFAGIIEWSIANGYEEIVTATDLRFERILNRAGWPIKRLGEPVAIGNTVAVAGTLPADLESFMRVCPQGYRSIVADDRGRQIRSAA
Ga0365259_5842,Rhizobium sp. BK226,Rhiz_undef_03d,MQILAVPPDRYVANLELLRQMHRLRAAVFRERLAWDVTITDAGERDEYDDLDPTYILAVTDSRKVVGCARLLPALGPTMLERTFPQLLASNSLHASASMAESSRFCVDTSLAEGRGGGQLHLATLTMFAGIIEWAMANGYDEIVTATDLRFERILNRAGWPMKRLGDPVAIGNTVAVAGTLPADRESFERVCPHGYHSIAGHHGGQIRSAA
Ga0307668_5584,Rhizobium sp. BK056,Rhiz_undef_04,MLTILYEDDDPLLMEKVWSFRHRRFVEQMEWNELRRRDRRERDQYDRPDIVHAVLVHKKEVIGYSRLLPTTAPHFARDYSQLAPGSLPSGPDIFEWSRCATALNAPFINGIAASDLLMTGVLECLVRMGAKAILFLTYPALVMMMRQRGYPVQVLADVTLQGHRVEVAYSILPEDLLSRHYKDYGIVGEVLCLRTRSRSGLVHSG
PMI03_04248,Rhizobium sp. AP16,Rhiz_undef_05,MMNLIDSSNRAMHAETLRSFAELRYEVFVRRLGWALPAARDGFEEDEYDTSRAVYVTISNSAGHVIAGARLLDTSDASLLNEIFPHLVKDGDLPRSDRIYEITRFAIDHRRERLEGSMDLRNRLLWGIQAAALHLELDKMVSVTYTHLEPMLRKAGYRFRRLGDVDCIDGIPTVALEHEVSPDILGACRSALLTGRGRHKSGSLCPLSSQSNQPTASLAQSALA
PMI09_01763,Rhizobium sp. CF122,Rhiz_undef_06,MLKVIHEADDPELMEKVWSFRHQRFVEQLGWEELRRKDGRERDQYDTADAIHAVLICRGKIVGYSRLLPTTRPHFAGSLCGHISARMPSGPSIFEWSRCATVLDAPLIGAQAASDLLMTGVLECLVQLNARAIIFVTYAPLVKMMRRRGYPVQCLDILSLDNGDRVEVISSRLPPNLLSLHRKRYGIRQSLLAWGRDGTATAQRPPTAA
EX06DRAFT_06308,Rhizobium tropici PTD1,Rhiz_undef_07,MFTVVKGAGNQLVPGLEAALAIYRYEIFVETLRWQLPVKNGLELDQFDRPETLYVIVQDAHGAVCGCARLLPTTRAYLLDEVFPGLMNGAPSPHAPEVWELSRFSTKVIGEKTPPSREEARKRFCDLFSAVAEMAIEQGAARLITFTAVGVERILRMIGMHAHRVGPPQLIDGEPVLALWIELDDQTRRALGLPAAELSEVRH
EW94DRAFT_07168,Agrobacterium rhizogenes OK036,Rhiz_undef_08,MKTIAIPPGAREQFPDLIARMHRLRAQVFKDRLKWDVQVADGLEVDDFDHFPATYILLLTEASTVSGCARLLPASGPTMLIRAFPQLLFNGKLDAHAGMIESSRFCVDTAIDGGRREGVLHEATLTMLAAIIEWSMITGYCEIVTATDLRFERILKRAGWPMKRLGRPMRIGNTIAVAGSLSASPASLERVRPPGFISIANPLHKAASGN
EX11DRAFT_04014,Rhizobium sp. YR519,Rhiz_undef_09,MQVVALSKPRNSHEEKLLHAQFELRARVFSGRLSWDVEVQGGIEQDRFDALDPTYILAVQTDGLVTGCVRLLPAVGPTMVNDVFGALLADGRLCSHAAMIESSRFCVDTASDRGRGDSSIHETTLAMFAGIVEWCVAHSFTEIVTVTDLRFERILSRVGWPLNRLGPSVRIGSTAAIAGTLPADRDVLLRLMPSNYRSQITLPSQRAA
EW83DRAFT_06394,Rhizobium sp. CF048,Rhiz_undef_10,MLRILFEHEDRDLTERVWAFRHLRFVEQLGWEELRREDGRERDRFDTPSAIHAVLALHGEVIGYSRLVPTIAPHFAGEVADALRIDLPKGPQVYEWTRCATALGAPSIAGIDASDLLMTGVLECLLHLGARQILFVTYTPLVEMMRRRGYVVRALASLPLERDGPVTLASADISLNLLHQHRRTYGVCGTLLSWNGARESIAERSPAAA
Ga0189760_12311,Rhizobium sp. GV031,Rhiz_undef_11,CGPTYILVLDERAGVVGSVRLLPMSGPNMLMGVFRQLLEEGQLATNPTMIESSRFCVDTSTQSSQRGATHEATFCLLAGIIEWCLRNGWTDLVTATDVRMERLLRQRGWPITRLGEPCLINETNSVAGRLAINRDTFDLLRPMSYRSRLSPTTRKAA
PMI11_05427,Rhizobium sp. CF142,Rhiz_undef_12,MLQIIHEHDDPALMDRVWSFRHTRFVEQLGWEAVRRADRRERDQFDGPSAIHLILEHKKRIVAYSRLLPTSLPYLAAEFCPHLMATLPAERYPFEWTRCATVRNAPTINGIGASELLMTGVLECLLALGAGGVVFLTYPRVVAMMRRRGYQFGLIETVGEENGVPIQLAAASVSHDLLRLHRDKCRIFQSLLCWRGSSAGDRKSSPAAA
EW87DRAFT_05932,Rhizobium sp. CF097,Rhiz_undef_13,MLEIFTGASMARHWEAMEKIWRFRHEQFVERFGWEDVRRADGREIDAFDTEEAIHLALFSGRRVVGYSRLLPTTTPHLLSDVYPHLMGERTWRREPAVYEWTRCVASEDEVRINGLQASHLLMTGVMEFCLTAGIEALIVETHPKLVNLLLTTGWDVTVLNQPSVLDEKIVVPIEARPSKSGLMQHHLLYSMEGSTLALSTEMTNPLDGSTSLNRLSFLAPGEARAVALQPARLDKIFH
EW93DRAFT_05625,Rhizobium sp. CF394,Rhiz_undef_14,MEVVAIRKPSTAFGHYLIDEMHQLRARVFRDRLGWQVTCRDDREHDEYDLFDPTYLLVVSDRRVIGSARLLPAEGPTMIEGVFPQLLGEHEFSRHHAMIESSRFCIDTAHAEGRNPGCVHEATLFLFAGIIEWCLDRGYTEIVTVTDVRFERLLGRCGWPLRRLGAPARINETMSVAGLLCVDVGIFERLRPKGYRSSFTCNASQQSFRKLGLEQLLRPIHDGTSWSELSFDVEGSPVV
Ga0365271_7191,Rhizobium sp. BK313,Rhiz_undef_15,MHIIAISNPSSPAERRIVDEMHCLRARIFQGRLAWNVHSVNGREYDQFDCLSPTYIIALGALDTVVGCARLLPAMGTTMLDSVFPQLLHDGRLIAHEQMVESSRFCVDTTYEEGREGGALHGATLTMFAGIVDWCLLHGLTEIATATDVRFERILNRAGWPMKRLGEPRMINETRSVAGVLPADQSSFERLRPSDYTSGLIAARHRAA
Ga0307673_10917,Rhizobium sp. BK068,Rhiz_undef_16,MHIKAIRNAKSPEDLNLLDQMHRLRATVFGGRLSWKVHCFEGREFDEFDALSPTYILATTLEQQVVGCARLLPAVGTTMLQTVFPQLLETGRLISHSRMIESSRFCVDTAFAEGRGAGSLHNATLAMFAGIVEWSMLNGYSEIATATDVRFERILKRAGWPMRRLGDPKMINETQSVAGVLAADHTSFERLRPEHYRSSFMPLQQKAA
Ga0365242_6156,Rhizobium sp. BK007,Rhiz_undef_17,MRLIAIRTPKGAAEVRILDAMHCLRARVFQDRLGWNVRCIDGREYDEFDELSPTYIIALSGSETVVGCARLLPALGTTMLQAVFPELLRERHLPAHPAMIESSRFCVDTSIEEGRGQALHEATLSMFAGIIEWSIQNGYAEIATATDVRFERILARAGWPMERLGDPIMINETRSVGGILPADWSSFARLRPASYSSDFTAPRKQAA
PMI07_006586,Rhizobium sp. CF080,Rhiz_undef_18,MRLIAIQNPKSEFERRVVDDMHRLRARIFQGRMAWDVHSVSGREFDQFDRLSPTYILALAEQGAVIGCARLLPAAGVTMLQSVFPQLLRERRLPGHETMIESSRFCVDTAYGQGRGEGTIHSGTLAMFAGIVEWSILNGYSEIVTATDVRLERILRRTGWPLRRLGDPVMINETRSIAGVLPADAQSFHRLRPANYSSSFSVLQRRAA
Ga0307666_11643,Rhizobium sp. BK251,Rhiz_undef_19,MRLQAIRKPTTTSERRLIDQMHELRARIFRDRLGWSVQCIGDREYDAFDELDPTYILAISSQDSVVGCARLLPATGRTMLEDVFPQLLRDGGLSAHEAMIESSRFCADTGNAQGREGGTVNDITLWMFAGIVDWCRARGYTEIATATDVRLERILRRIGWPMRRIGDAIMINETRSVAGVLPADEASFARLRPNAYRSDFACLQMHAA
Ga0365271_5666,Rhizobium sp. BK313,Rhiz_undef_20,MKVIALSNAVSCEEVSLLNDMHRLRSEIFGARLSWNVTVRDGREYDEFDDFQPTYILTVSGNSRVVGCARLLPATGPTMLERTFPQLLASGTLNAHPAMIESSRFCVDTTFRERRGEGSLHDATLMMFAGIIEWCLIHGFREVATATDVRFERLLIRAGWPMRRLGEPKMINETNSVAGILSADLASFDRVKPPKYRSDFRLSKISAA
EX08DRAFT_03923,Rhizobium sp. YR295,Rhiz_undef_21,MIRLYVGCNASSGQAMEKIWRFRHEQFVERLGWEALRRSDGREIDQFDHDRALHLALFFEDTVVGYTRLLPTTEPHLLSDVYPQIMNGQTWPRSRQIFEWTRCAVAEGEILINGIPASHVLMTGVMEFCLVAGIISVIVETHPKLVQLLVSTGWEVTELGLPSLLDGGLIVPIHAKPSISGLMKHHQLYSLQGSTLLLEPEAQNPLNPEVTLRHLPNLDPGKIRPIDKSKQRA
Ga0115501_2496,Rhodanobacter sp. OK091,Rhodan_undef_01,MFTVVKGAGNQLVPGLEAALAIYRYEIFVETLRWQLPVKNGLELDQFDRPETLYVIVQDAHGAVCGCARLLPTTRAYLLDEVFPGLMNGAPSPHAPEVWELSRFSTKVIGEKTPPSREEARKRFCDLFSAVAEMAIEQGAARLITFTAVGVERILRMIGMHAHRVGPPQLIDGEPVLALWIELDDQTRRALGLPAAELSEVRH
Ga0215812_101691,Rhodoferax sp. YR267,Rhodof_undef_01,MQFISGEPRVLRPSLMVDMARYRHKVFVEKLGWQLECENSLEYDQFDRDDTVYVVAQNDAAEVIGTARLLPTTRPYLLSEVFPQLLHGATPPSSPDVWELSRFAAVDFSTGTGSALEQFSSPIMMNLLRTSMASAAARGAKRFITVSPLGVERLLRRLGFQAHRLAPPLIVDGHPIFACSISFA
Ga0115503_10729,Sphingobium sp. AP50,Sphing_undef_01a,MLSVQTGILTRVPDALLADMYRDRKRVFIDLLGWDLPVPDDRYEIDQFDGPDTVYLIIGSPEGDHLGSIRLLPTDRPTVLGAIFDHLCEAGAPASPRIWELSRLCLSPRIRAARRREVRNRLLTAAVKTAMENGATHLCCVVYVWYMPEVLSYGWRCRPLGLPQPDPSGLVIALEIMLDDNTQSLMDQAGTWDETPVAITRDGRRSRGAVQ
Ga0115503_11859,Sphingobium sp. AP50,Sphing_undef_01b,MLSFEQGVSARVPDALMADMYRDRKRVFIDLLGWDLPTLDDKYEIDQFDGPNTIYLIVGRPDGTHLGSMRLLPTNRPTIIGDFFHHLCDVGAPRSPAVWELSRLCLSPRIRAAERRGVRNRLLTSAVQFALQNTISAFCCVTHAWYMPEVMAYGWQCKAMGLPQMDPGGMVGALEIAINEETPLLMAQAGTWDETPVQTSFDPALRRGDVQ
Ga0115504_11537,Sphingobium sp. YR657,Sphing_undef_02,MPSPIIQGPHIDEDMVLRAMFEARKRVFIDLLKWDLPVLADRYEVDHFDTPDAQYLVLTDTELHHRASTRLLQTNRPHILADIFPHLCAGPVPTGDHVREITRFCLDRDLRAAERLDARNQLVIALVDHALANGIGSYTGVAERSWFEQVATFGWRCEALGQPVRHRDQFLIALHIHIDASTPSMLERAGIHASLQYQLSAPRHGRRA
Ga0115504_11614,Sphingobium sp. YR657,Sphing_undef_03,MIQIFTGQSGPGKSPLLDDMYQQRKHVFVNLLKWDLQVLDGRFEVDQFDSDMAIYLIAVGADGRHLGSIRLLPTTGDHLLGTIFPHLSDGPVPSGPTVMEISRGCLSTSLRARDRLAIRNRLTTAVVEYALASGVDQLTCIADASWYSQILALGWDCRPLGLARRIAGSMTGALAIQVTPDTPRLLHEAGTYDYSPLVPARQEVAA
Ga0115504_102298,Sphingobium sp. YR657,Sphing_undef_04,MGCTLSFSQQIARMPGYHATFPRLIGVSERPSRATPCHTRHPQYGPPAKTAPSASPFECDEFDSKLTQYLVVTDPGMGSILGSLRLLPTDRAHLLNTLFPDLCQAHIPQGAHIREVSQIYLHPELRNQRRRVMLQLASALVQYGLLTGISAYTTVMESIWSDFLGSIGWHITQLGPDRMVDGISLRASQIHLDNNTLHALRARNCLAECDLQFANMRDQPDTVPQPLVDVPNHPAQWPPGHG
Ga0115503_10155,Sphingobium sp. AP50,Sphing_undef_05,MIHLIANHPAHPRRDLVQSMFADRKQLFVDFFGWDVPVIDGRFEIDQFDTPEALYIIIAEETGAHAASLRLLPTERPHMLGTIFSDLCPLGVIADARTWESTRLCLPRRHGAARRRDLRNQLISAMVDVALERGIDRYTGVLPESFRKDVLAMGWKAEPLGPVVRMPGGPVGAFLVHIEPETPRRLCWTQTYVQAGKAAAA
Ga0115503_1169,Sphingobium sp. AP50,Sphing_undef_06,MTHIIEGSREQEHAALRSMYAARKSVFVDLLGWDVPVLEGQYEIDQFDGPQTLYLIAAEPDGTHLGSMRLLPTSGPTLLGDIFDFLCEAGPPASQAVWEISRFCLSRDLRAAQRRQVRNRLVTMAARFALDNGIERYCCVADMPWFSQILSFGWKCRPLGLPQMLPCGMTGAMEISIDRDTPSRMAEAGVWQDTPVHFAAAAAA
Ga0115505_12063,Sphingobium sp. YR768,Sphing_undef_07,MLHIRQSAARPASDAVLRSMFAARKSVFVDLLKWDVPVLADTYEIDQYDDVHATYLILADPNGTHLGSARLLPTRRPHILGDFYPDLCEHAPPQAPDIQEITRFCLDRRLRAAERRQVRDTLVTALVDHALAHGITAYSAIAEMGWLQQILAFGWRCTPLGLPRMINGTMLGALRIDIASDTKALLAERGIVASPLRIHQRVAA
EX04DRAFT_01200,Sphingomonas wittichii YR128,SphingM_undef_01,MLKMRRAGQAQSEDAAMRAMFSARKEVFVDLLKWDLPVLAGRFEVDQFDNPDADYLILLDPYGKHRASARLLRTDRPHILGSLYPHLSAGAVPAGPSIREITRFCLDRHQRARDRRSARNQLVTALAEYAFANGITDYTGVADLSWLEQILTFGWDCRMIGEPMREGALWLAALHIRIDADTIGKLQTAGTYEPAQFGHPPESACGAASQGRPS
Ga0115510_0576,Sphingopyxis sp. YR583,Sphpyx_undef_01,MIHIIAGLGEPHEQPLLNSMFEARKRLFVDLLDWDLDVVDERFEIDRFDDAYATYIIVANDAGLHRASMRLLPSVRPHLLGSMFERLCTDGVPVGPDIFEITRLCLPATELASERRLLRNGLIRAMVDHALEHGIRRFTGVVTARFREQVLAMGWQGEALGPGQDMGGGRLGAFAIDICEDTPAHLDANCIHRLEDMVAVNGAEAAVTGMGGAGQ
Ga0066777_2972,Tardiphaga sp. OK246,Tar_undef_01,MIEVIHSGNAGQFGDLLDKQFRLRHEVFVGERGWTAFDVDGEHEKDQYDDDAAVYLVAADDAGTVAGGFRLYPTVLPHMLSENFAQLVDGALIQRRDVFELTRFAMRKSERRSHHYFELLLAIQEYGLMEGLSGFTSVINPLRIPILQGFGLEIEPLGLPAMIDGEATIAVLFHVSEKCLARVSKSVAIKDSVFALPQTSRRIA
Ga0066777_1385,Tardiphaga sp. OK246,Tar_undef_02,MIRVIDQSNSAMFAPTLDQVFKLRHACFVKERGWQEFDKDGIYEQDQYDDHHAIYLVSLDDQHDVIGCLRLYPTTLPHMLSEQFAYLVDGPVPSSAQVIEMTRLAIKPGRRGGETYHELLIGVQEFCLARHILNVTAVVRALRIPLVQKMGYQLNPLGSIYQIDGDATIAVMFDTSDSALNNIRARTGVTHSVMEDIRVPMIRKSA
Ga0307672_0244,Variovorax sp. BK119,Var_undef_01a,MEVLAGRPHELSPQLLESVERYRYKVFVEMLGWELDTPPGLERDQFDHAGTLYLAARDEEKNVVGTARLLPTTSPYLLGDVFPQLMGGATPPNDPVVWELSRFAAVDFTAPNGGALGQFSSPVAVGLLEKAIEVAAAQGAQRLITVSPLGIERLLRREGFRAHRAAPPQIIDGHPIFACWIEVAPRTVPSARTATSH
Ga0189766_103468,Variovorax sp. BT01,Var_undef_01b,MEVLAGRPHELAPQLLESVERYRYKVFVEMLGWELDTPPGLERDQFDHAGTLYLAARDEQQNVVGTARLLPTTSPYLLGDVFPQLMGGAEPPKDSEVWELSRFAAVDFTAPNGGALGQFSSPVAVGLLEKSIELAAAQGAKRLITVSPLGIERLLRREGFRAHRAAPPQIIDGHPIFACWIEVTPRVPPVVRQQTAH
Ga0115523_114124,Variovorax sp. YR266,Var_undef_02,MEIIAGTVDSFSAGVLFDMARYRHQVFVEKLGWKLQTRGRFELDEFDRKDTIYLIARNPEGEIVGTSRLLPTHRPYLLASVFPQLLGSIPAPCSPQIWELSRFAAVDGVRLSPGDDLCGSSLALDMLGAAMQAVAKEGGQRLISASPLGVERILRRAGVHAHRAAPPVLIEGQYLFACYIDVDKGWRPRQDRCGNETR
Ga0115515_13153,Variovorax sp. OK202,Var_undef_03,MHIVTGTADTLSAEMLFDMAHYRHQVFVEKLGWDLSVRGRLELDQFDRRDTLYVLAPKREGGLRGVARLLPTDRPYLLAEVFPQLLGGLPAPRSARTWELSRFAAVDLAASQPEVARFGASSAALSLLAAAMQVAAKAGAEELVTVSPLGVERILQRAGIVARRFAAPVRIGDQRLFACRIDLMPCERQRTPVRPTLSVA
Ga0307677_11415,Variovorax sp. BK151,Var_undef_04,MEIITGTVDSFSAEMLFDMARYRHRVFVEKLGWDLDTRARFELDEFDRKDTAYLIARNAGGQIVGTARLLSTHRPYLLATMFPELLGSKPAPCSPKIWELSRFAAVDLDAQPDATHEDLLGSSLALELLSAAMRTVAQQGGRRLISVSPLGVERILRQAGLRARRLAPPVRIGRRHLFACAIDVDSTWRPRPGRQDGAHR
Ga0189767_114150,Variovorax sp. GV008,Var_undef_05,MDIVTGTAETLPAGLLFDMAHYRYRVFIERLGWKLAHTGRIELDEFDRRDTLYVIARNDKGTLRGVARLLPTSRPYLLADVFPQLLGGRTPPRSPDVWELSRFAALDPDAAAHGATRFGASDDALCLLDEAMRAAVLAGARTLVTASPIGIERILGIAGIAACRLAAPVEVDGQRMFACRIDLAPALALHRRKRAGSISTRPVLSPEGQGPSRLPRQPSCLPPAASP
Ga0115514_1357,Variovorax sp. CF079,Var_undef_06,VEILAGTPISLGAELMARMARYRHKVFVERLGWPLPSPEGMEYDQFDRPDTLYLVALRDAITLVGTARLLPTERPYLLGEVFPELMGDAEVPRSPDIWELSRFAAVDLDSIDPHADGRYSSPLAVALLRAAMSAAAGAGVGRLITVSPLGIERLLRRYRISASRAAAPRFVGEQQVFACWIYTDIPGSGGRPLHSQQSDASSTKRDA
Ga0075365_103150442,PMI_endosphere,endo_01,MQAIALNNHQFGQHLDLLTAMYRLRRRVFKDRLDWSVSVSDDLELDVYDALNPTYLIVTSNEGDVVGCVRFLPTTGPTMLADTFSSLLDGQAMPRSDSILESSRFCVDTKLATDLATNGLSRATFVLFAAMIEQLRAAGADSIVTVTDVRMERILRRAGWALERIGTPKRIGETMALAGYLHASDEVLTTMYRLAEVSGPVLATPLLPARAVA*
Ga0075362_100077743,PMI_endosphere,endo_02,LIHLVTQTNAHLYETEITQLHRVRKAVFIDELGWQLASRDGLEFDEYDDERASNIIGFSATGEVVMGLRFRPADDRSMLADHFPQVLPAGMRPLDDGRTWELSRGFCVERGVKAQDIRRKAACMIAPLEIALHAGIDRCVGFTDVRMLDFCYGVGWKLTLLGAPMNYGEGDAVAYELDVSQSSLDDMRRMWGLPEPAFVTVHALRPGEANVHEAAARLANENPALLRIAARAAVDKPQSEPVEATGAERYYSTFQNSG*
Ga0075367_105769101,PMI_endosphere,endo_03,MKVMVRTRTELVHNSELTMGMHRLRGRVFKERLDWDVSVSDGMEIDRYDTLKPTYLLAVDHRDVVGCVRLLPTTGRNMLADTFPVLLDGHAPPRAARIWESSRFCVDTKSVTATAENGLREATFLLFAAMIEWGQQRGLEAIATVTDLRMERILRRAGWHLDRLGTPRQIGATKAVAGLLPITDDALGAIRATGKIFGLAIEAPSSLALAA*
Ga0075369_100016583,PMI_endosphere,endo_04,MYLLIQAHEYDRHSELLDQSFRLRKRVFADRLGWDVSVSGHRERDHYDDLHPAYLLWCDEDRSQLYGSVRLMPTTGPTLLYDVFRETFPDACDLIAPGIWEGTRMCIDEDAIDRDFPNMRPDRAFCLLLLALCEAALAGGIHTMISNYEPHMRRLYQKAGAELDELGRSDGYGRYPVCCGAFEVSHRVLRAMRDKLQVDGPLYHRSAFPSRVAAATALQLA*
Ga0075367_100744343,PMI_endosphere,endo_05,MLAVHVVRDSNSHLYTEQLDQYFRARHDVYVKERGWTELDRPDGREIDQFDTPNAVYLMAIDGDRVVGGHRLVPTSKPTLISDVFPFLALRGLPRRPDVCELSRIFVVRERRGGPSGGVESHILAGTMEYALAEEISQFTIVMETWWIPRLQEIGWNVKPLGIPVDIKGMLTVGVAVDVTEEAWEETRHRRDVPGSVLIWNGVDPSSRPIRRINAA*
Ga0075367_104152101,PMI_endosphere,endo_06,MEILSGRPGHITQQVLTDVARYRYKVFVETLGWDLVTEHGLELDQFDRDDTLHLAARDEAGNVIGTARLLPTTRPYLLGEVFPQLLAGEPPPCDPRVWELSRFAAVDFTASQGSAMGQFSSPVAVALLKRAQAIARSNGAERIITVSPLGVERLLRREGFRAHRAGPPMVIGGHPIFACWIDVGHADTDLQ*
Ga0075365_107712151,PMI_endosphere,endo_07,MDIATQDASAGIRTSGGSVLNRSMMQLLEHVEYRLITGGEDLEAIYRLRYQSYFRSGMSGPIASGMFEDRWDNLPNSYRFGVYFDGHLVSTLRIHYISREHPYSPSVDAYPEILAERLARGETFIDGTRFATDPDSAPAPGVLPFLTLRLGMVASSYFGQTAVLTPVKIEHSAFYARIFNAKQRTEAKVFPGVLAPIALFEI
Ga0075362_100060033,PMI_endosphere,endo_08,MKIITGTADVLPMGLLFDLACYRHRVFVQRLGWNLRTSGRMELDEFDRRDTHYVIARDMHARIIGIARLLPTLGPYLLADAFPQLLGTTSPPRSPCMWELSRFAALDLDSARASQQHGLASPHALDLLAATMRVAAHHGVRQLISVSPLGIERILKAAGVGCQRAGEPTTVDGRVLFACLIDVDEGWRAPGRGALARRSFRQRHAAPGSRAAVEAGRPLQ*
Ga0075365_100422442,PMI_endosphere,endo_09,MHAVTLDHRHTGSQLDLLAQMFRLRRRVFRDRLDWTVSVSGDLEIDIYDALAPTYVLVVSDDYDVLGCVRLLSTTGPTMLADTFPILLGDKEAPRSELILESSRFCVDTDRTVELGPHGFNRATFVLFAAMLETMRAKGANAIVTVTDVRMERILRRAGWPLERLTEPRKLGQTSALAGYLRDSDLALEAMYRQAGLEGPVMRNQPEGRKAA*
Ga0075370_100703633,PMI_endosphere,endo_10,MHAIALDNRQAGRNFPLLLGMYRLRRRVFKDRLGWVVSVSGELELDIYDALNPDYLLVLSAKDEVIGCVRLLPTVGPNMLADTFPTLLGESEAPSSADILESSRFCVDTSLAVELGRNGLNRATFMLFAAMIEFMQAKAARSIVTVTDTRMERILRRAGWALERLAEPQVLGSTTALAGYLHNSQDALEAMYRHAGVEGPVLIVQDAARKAA*
Ga0075363_1000556203,PMI_endosphere,endo_11,MIALFSQSSFPENAKTLQSFFELRHEIFIRQLGWSIPTAEKEIERDEYDTSGAIYLTISNPSGHVVAGARLLPTSEPCILNEMFPSLVRGALPRSPHIFEVTRFAVDQRKERISGCSDLRTSLLWGIQAAALAIGAERLVSVSYVHLEPMLLKAGYSFRRLGEVIDIDDLPTVALEHEVSVDVLNACHGRVRSEEVRKALRLYGFALHHRDVRNIQRPSLVGRRSVLELAD*
Ga0075365_100093671,PMI_endosphere,endo_12,MITAHVVNAQNRHLYENEFDEFLRRRHDFFVHQKHWRPPSPDGRERDQFDTDAATYLLGIEDDRVVTSARLIPTSEPHMVSEVFPHMCEKSGVPRRPDWAEWTRTFVVPDKRATGLRGTLTQLCCAVMEYALDEGLSAVGGVQETYFMPHHGALKWRAEPLGLAREENGEWYIVAYIEVNEAALASVRKILGIEHSLLVRRGRQVPFLQKSHEIAEVAL*
Ga0075362_104061851,PMI_endosphere,endo_13,LSTDHIPWKNFNNMEFIEFHALDYSATPHAWVADLYGLRKEVFADRLNWKVNIKNDIEFDEYDNERTTYLIGTWKGVPLAGLRLINTLDPYMVEGPFRDFFRCAPPKQALMAESSRFFVDKTRSRQLGLAHLPLTEMLLLCMHNHAARSGLGSIITVVSNAMGRIVRNAGWHYEVMDTGEAAPGEKVLLLNMPISDANRQRLLSSIARKCPLSSTQLSCWPQRLNPLH
Ga0075363_1000019426,PMI_endosphere,endo_14,MLHILQSAPPSASDAALRAMFAARKSVFVDLLKWDVPVLEGRYEVDQFDDLNATYLILAEPDGAHLGSARLLPTMRPHILDSLYPGLCENAPPRAPDIFEITRFCLDRRLRAAERRAVRDTLVTTLVDHALDHGITGYSAIAEMGWFQQILAFGWRCRPLGLPQVVDGAMLAALRIDIAPDTPGLLAAAGIQAAPAIRDSQRIAA*
Ga0075366_103431322,PMI_endosphere,endo_15,MDGVHIVTSANCRHYEDALEQSYRLRHRVYVQELKWRGLPPRDDGREIDQFDTAEAVHLLYLEGSKVLGGTRLVPTTGPHLLSEVFAHFASIRGVPRQPDIAEWTRLYVAPERREEHKASRVGSIVLASMIDYALQEGVSAVSALMNTFWLPRFLGYGWRVRPLGLPEVHDGEWLVAGTIDINPPALAGIRQACGLEERSALVRLGPHQALIREKSDVPAVA*
Ga0075370_100308392,PMI_endosphere,endo_16,VEFITGTSHNLPDEVLVGLAQYRHEVFVETLGWDLATQAGLELDQFDRPDTIYVAAREEGRYVGIARLLPTVRPYLLGEVFPQLMGGAPPPQSEEIWELSRFAAIDFRSNVLSGPFSSPTVVGLMKAVEACALRHGVSRLITTLSSPGIERLLRKLGYLAYRAGPPHIIDGHPLFACWIELDKSPSKDRK*
Ga0075366_100566162,PMI_endosphere,endo_17,MIQHFTRADAVEEIRLFDTMHRDRKRVFVDTLKWDIAHDGIREADQYDTDAADYLILRDPHSGEHLGSVRILPTTGPHMLADVFDFLCEGKVPRGPNIREITRLVVSPDLPPRDKLAVRNMLGRAMIEFGWMMGVTVYTAVCDFGFLAQLLSSGWHIRPLGIPQYVEGSLIGALQIRLDRRSLGRTSPAWQHDGAALRIAQCANELVA*
Ga0075370_100482254,PMI_endosphere,endo_18,VIQIIEGAKTPGSDPLFDAMFRDRKRVFVDLRGWAVPVIGGEFEVDQFDGPRTVYCIATDERGAHRGSIRLIPTIEPHILGDVFPELCDGEVPTGPDIWELTRACPSPDLSAAERRKVRNALITAVVEYARHSRIRTYTCIADSGWLAQILAMGWDCRLLGLPRKLEGSNTGALRIDITTGTRGLLEDAGTWVPSRFVLLDDAQFAHC*
Ga0075370_100229142,PMI_endosphere,endo_19,MQIIAVRNGESGAGDRLIGRMHALRARVFRERLGWNVSVRSGREADEYDALDPTYLLAVTDDLRDLVGCARLLPATGPTMLGRTFPTLLDGKPMPCHRGLIESSRFCVDTNLGTKNAARGLHFATMALFAGILEWSLLSGYSEVVTVTDTRFEKILGRAGLPFNRLGVPRQIGNTVAVAGTIAASPQNAARVRPQGYRSLQLDAGRLAA*
Ga0075370_101793781,PMI_endosphere,endo_20,MRTVSVTWATAHQHGEAWISHHQLRYRMFVARQKWSLPNYKEMEYDEFDTPAATYILAVDEQYRALGVTRLIPTTRPYMVESLWPDLVDVELPHCDSIWEASRFGCDRDLDATSRRRVVAQLILGCQEFGIATGITRYLGVMPIRIFKYVIAANHCPVAQIGPTRRLSGHEIAAAYIDVSPSTLEAVRRHTGIGSAVLEPKLALVA*
Ga0075367_100057718,PMI_endosphere,endo_21,MIHVITSENRARYERQLAEHHRIRHQIYIGERNWFGIEDRDGLEFDQFDNDDTIYLLEIDGNGAVVGGTRMYPTTKPHLMSHVWPELAAVKGVPAAPDIFEWTRLFIAKDRRQDGKDGQRMLGRLFASGLEYGLQEGIRELSLQFEPFWFPRLQRQGFKITPLGLPTKIRDEWWIGATIAVTEEALQSTRAYYDVQGPLLVKDGITGPAIRRAA*
Ga0075366_100020344,PMI_endosphere,endo_22a,MANSGFTCILFRHMIGDWLVFLLIQPYQYYRYAGLLEQSFRLRKRVFHDCLGWQVDVHHGLERDAYDELGAVYLVWCDKDAHHLYGTVRLMPTTGPTLLHDVFRRTLPAEDLVSPATWEGTRMCLDVDLLRASQPTLSPSRAFGFLLLALFECAFAHGIKTLVSNYEPPMERVYRRAGLIVEEIGRADGYGRLPVCCGVFAVSEETLQQMRTVLRVARPLYRRFLPAASEAAARQTPQGSDHIKPLRKTELFWTCNAARSQTCLSRMGGKYLG*
Ga0075364_100008469,PMI_endosphere,endo_22b,VYLLVQPYQYHRYAGLLEQSFRLRKRVFHDRLGWQVNVDHDLERDVYDDLGAVYLIWCDDDARTLYGTLRLMPTTGPTLLHDVFARTFPNTDLVAPSIWEGTRMCLDAELLMKVAPTLSPSRAFGFLLLALCECSIAHGIETLVSNYEPQMARVYRRAGLMVDEIGRADGYGRFPVCCGIFDVCEETRQLMQTALRVTRPLYIPFSLERWNAMAMPAL*
Ga0075365_100034323,PMI_endosphere,endo_23,MLRILTKDMLDTDRRAFDEMFRARAAVFRDRLGWQVDVRDQWERDRYDEAEDPVYLVTQRPSGTLTGSLRLLPTTGATMLKSEFRHFFDQPIDVDSPTTWECTRFCVHPLAGHMEQSRTVATELLSGLCDLALDTGIESIVGVYDGAMVGVYRRIGWRPTPLARSLPEIGKLYVGLWDVTADNCRALRANLSRLERASPNRPRTFADGGMR*
Ga0075364_1000000731,PMI_endosphere,endo_24a,MIHIVEKHFDPATRRLLETMFIDRKRLFVDLFGWDVPVVEGCFEIDQFDTPATVYIVAADDAGDHEASLRLMPTTGPHMLGTVFPHLCPAGVPVGPTIWESTRLCLPQRHGASRRCELRNQLISAMVDFALARDITCLTGVLPDAFRKEVLAMGWLAEPLGPAVRVDSGLVGAFAAHVRADTPERLRWSGTYVGSGRAVVA*
Ga0075370_100575782,PMI_endosphere,endo_24b,MIHIVEQHLDPTNRRLLETMFADRKRLFVDLFGWNVPVVEGRYEIDQFDTPHTVYLIAANGNGEHDASLRLMSTCRPHMLADLFPHLCPGGVPTGPSTWESTRLCLPQRHGAQRRRELRNALISTMVDFALARGIDRLTGVLPEAFRKEVLAMGWAAEPLGPAVRVDSGLVGAFAAHVRNDTPDRLAWSGTYVSASRAVTA*
Ga0075370_100910012,PMI_endosphere,endo_25,MEFIAGTVDSFSAGLLFDMARYRHQVFVEKLGWQLHTRARFELDEFDRKDTIYLIARNPKGEIVGTSRLLPTHRPYLLASVFPQLLGDIPAPCSPQIWELSRFAVVDGTHFGGNEVPSEPSLALDMLGVAMQVVAGEGGQRLVSVSPVGIERILRRAGLYVHRMAPPMLVEGQYLFACFIDVDGAWRPHRISSS*
Ga0075428_1000437422,PMI_rhizosphere,rhizosph_01,MIRYFQGREAHNFPYETDEMFRLRARQFRDRLNWNVKVEAGCEIDEFDRMNPLYLVSVDEESGEVAGCLRFLSTTGPTMMKRVFDQYFDQPFDIETPLVWECTRFSVEPLIAKRRVTPTGLCKTTFELMQGGCEVAMMAGVEQIVGIFDRFMVRIYRRAGWAPEIIASTDRLGSDTIFIGLWDVSSASLRSMRDRSGVMDSVLEEERPLKAVA*
Ga0114129_102315393,PMI_rhizosphere,rhizosph_02,MVIVLEGSERRQQAKFFEQLFRLRYELFVKRRGWALPSLHGREVDQYDLDDAVYFLDIDDEDSIQGSVRINPSESGSLIADYFPHLIETGGSVRSPNIYEATRLICLPPDKSRQGVRAAKARLLGAMVEWGLRQKLSFIQTVIETPALSGFVEMTAMTIPLGLSHPYGGGKKTPGGGDCMAIRWPVTEQVLADIRLYGSLSDVGPDWFELADSVRQPALSTMH*
Ga0075434_1007966002,PMI_rhizosphere,rhizosph_03,MILVLEQHNADQYQHLIDEMFRLRARVFRDRLNWDVEVTDGKERDRYDDEQPVYIIHTDNGAREVKGSLRLLPTTGPTLLADIFSDTLPDAVNLTAPSIWECTRFCLDDNLFESGREDEMLFASAALIEAVGDVALRAGIEAIIGNFDEPMLRLYRRIGCEVEVLGSTSRYGRPVYLGLHPISEPVVRRVKARLNKARSALVAASEVAA*
Ga0075433_100108802,PMI_rhizosphere,rhizosph_04,MRRVKDVEFSENGFVVKTLHGEQLAQSYRLRHKVFAESLKWVPETEDRQEIDLYDLWATTVGLVREDGAVVGVARLLPSSSQFMLEKEFGALLPSGYQIRKGPDTAEITRLAVDPEIRDRGLSSRMMLALLKGVYQWAVENDIRYYYLEVEHRFFRALRALGFPCEMIGEPVVLPPAGASSVAALYDMVRFDEENAIKKPQFLNWISSIETLQGEVIVGRTSSYANSEKLGLVGAEA*
Ga0075430_1000190122,PMI_rhizosphere,rhizosph_05,MQVLEESRPIEFWEDRLLVKTLSAEQDLSASYHLRHQVFADRLQWVTKSDDELEIDAYDAFATSVGLFDDERKLRGVFRMVSPPYPFMIESEFRPCLLPNCEIRKERDTVEITRLALDPTLTDKGLSIRLMQVLFKGVYQWSMQNEVRYLYMVVEKRFLRVLRGMGFSCEAISPAVSLPPAGALSIAAVLDWKQFHETCPQKQPSFFQWINAVDGSASFEKSGFLARDPREQFAELGVDQTMRQDHQPLDGVERRLAAA*
Ga0111539_109846281,PMI_rhizosphere,rhizosph_06,MDAKQMGQIMLAQHGNGSLDQRAAMGMYQLRHEVFHDRLGWEVTTDNGMEYDEFDYADPVYVLAKGDEDEVLGCWRLLPTMGPNMLKDTFPQLLHGQRAPQQPDVWELSRFAVTVPKYESAAFGFSEIPIKMMRTLFDFARLNGIARYVTVTTVAVERLIRRLGVNVSRLGPPIKIGRVMTVACYVEIDEITEFALLGTLPEDAQRKAA*
Ga0075434_1002443152,PMI_rhizosphere,rhizosph_07,MVNLITAHNRARFRAPLEAMHRDRKKIFVDALKWDVPVIDGQFEIDQFDTDAAIYLVALAPESQRHLGSVRVLPSTGPHLLGEVFPFLCEKGVPVGDDIYEITRLCTAPGRDIEPKLIRRKLATALCEFGLLYGINKYTCVTHVQYLTHLLSVGWECEPLGVPQQVGPDVVGALSISITPATLQLFREKLGSRTPVLQLDAFAQAA*
Ga0114129_101972722,PMI_rhizosphere,rhizosph_08,MDTIRDIAVLEGRFSVKTLRSDSELQEAYRLRHKVYSETLKWVPPSHDELEVDEYDLMATSLGLFAETGTLVGVIRLVPAPGPFMLEKEFSSLMPDYDIRKERDTNEITRLTVDPTLTDKGLSSRMLLVLLKGMYQWLVANEVRYSYMVIEKRFQRVLSVMGFPCRSISPSMALPPAGAVSVAALLDWEEFRVENSKKRPEFLEWMSTVREHTPSLPAAAANDPSSEPEWTTVDAYDRVREPARESGQLVTV*
Ga0114129_105194053,PMI_rhizosphere,rhizosph_09a,MVALKSIPAAQLPARSLPDRVMALLEKVDYRRADTVEEREAIFRLRYEAYLREGVLAPSPSQRLCDQFDDAANAWIFGLYIDDQLVSSIRLHVAHRKCPVLPALDVYSDLLSPEIAVGRTIVDPTRFVSDRTASRRYPELCYATTRLAVLASDYFNADLLLAAVRAEHQAFYRRVFGHRPVCEPRYYPNLSSPIYLTALDYQPAR
Ga0075433_102601172,PMI_rhizosphere,rhizosph_09b,MVLASVPAAEVPGRKSLSDRVMALLERVDYRRADTHEDREAIFRLRYAAYRWEDAIPDSPSERFSDALDDTDNAWIFGLYVEGELASSIRLHVANRQSPVMPALNVFSDLLSPEIAAGKTIIDPTRFVIDRTASRRYPELCYVTTRLAWLASEYFNTHLLLATVRAEHQAFYRRVFGHRLVCEPRHYPSLTKPICLMALDYALARERGVQRNPYFRSTVFERRMLFARAPVLARRSAA*
Ga0114129_100326095,PMI_rhizosphere,rhizosph_10a,MIQLVQGAYPGENIDIIDKMFRLRAKVFNDRLGWDVKVSNHREMDQFDELNPLYVVETDEHRNVLASLRLLPTTGPHMLSDVFSELMEPEDIIRSPRVLESSRFAVDTELLGHLPNGLSTVTGKLLCALLETARAAGVDFVISVYDVRMERILRRAGCGFERLCQPRRIGDVLTVAGLCETAAAVTDEIRARNHLSGSIFADPRWMTSLPIAA*
Ga0114129_100680934,PMI_rhizosphere,rhizosph_10b,MIQLIQGAHPGNNADLLDKMFRLRAKVFNDRLGWEVKVRDSRETDRFDELNPLYVVETDEKRNVLASLRLLPTTGPHMLSDVFSELMAPDSIVRSPRILESSRFAADTELLGHLPNGLSTVTGVLLCALLETSQAAGVDFVISVYDVRMERILRRAGCGFERLCEPRKIGDVMTVAGLCETTAGIIDEIRTRNNLTGSIFADPAWMMSLPVAA*
Ga0111539_106520122,PMI_rhizosphere,rhizosph_11,MIRLIQGSERRKFPAEIEAMHKLRAAVFHERMAWPVTVLDGWERDGFDELNPLYVLVTTHDGTVRGSARLLPTTGPNMLADVFRDLLPEGKEVRSPTIWESSRFSVLHDPHEHVVCQINPITGELLGGIVEVGIRAGLEFVVTVMDVAVERVLRRAGCPCDRIGSPRRIGKGLAVAGLFEMTDELLTSVRQASGLDGSNVYPGDAERLGLAA*
Ga0075418_100495304,PMI_soil,soil_01_hybrid,MIRLIQGAEIEAMHRLRAAVFHERLAWPVTVLDGWERDGFDELNPLYVLVTTRDGTVRGSARLLPTTGPNMLADVFCDLLPEGKGALADHLGELTVLGAARPPRAAGLPDQPNHRRAARRHRRGRHSRRLGVRRHRHGRGGRARVAPGRMPLRPHRITAAHRQGPGCCRPVRDDGRAFEQCQRTSAPYSPSAPRIRLQFAKRLKQLRTEKGFARARTFAKALGIEENRYTRYERAEVEPSFTLFHRMCQALQVSPNDLLCFTADTLELSPRRPSSS*
Ga0075425_1019166791,PMI_soil,soil_02_combined,MIVVVEPHNAEKHADLLEQMFRMRARIFHVHLGWDVVVDDGKERDRYDEQSPVYILYTDDGGRTVKGSLRLLPTTGPTLVADFFSDTLPDAASLMAPTIWECTRFCLDENIWQKNKEEIVFASTVLLVALGDLALRAGIESIIGNFDAAALHLWRRIGCEVEILGSTSRYGRPVYLGLHPISETIIGRIKKNLKGAQSAFAEARVIAA*
Ga0075425_1016988551,PMI_soil,soil_03_combined,RHYAREANEMFRLRARQFRDRLGWKVNVQAGWEIDEYDDMNPLYLVSLDDQTGEVRGSLRFLPTTGPTMMKGCFDKYFDVPFDIESPLIWECSRFCIEPNVHGRVSGSALRRTTFELMHGGCEVVLMAGVEQVLGIFDPFMLRVYRRTGWGPEIIASTDQLGPNVVYFGIWDVSEAKLQSIRDRSGLTGSILEDSTLVSRAVA*
Ga0075421_1003041703,PMI_soil,soil_04,MIMLIGPEAYAHFSNELTEMHRLRYRVFEGRLGWTVTSQGDRELDTFDAQSPVYLLYRRADELPIEGCVRLLPSTGPTMLRDVFPSLTDGHSIATTPAIWESSRFAIDIPRAPHPTRGGLAGATYELFAGMVEFGLHRKLIAIITVTDIRVERLLRRAGWPLRRIGNPRLVGDTLAVAGYLEISVEALLRLRHTGGLRGPVLWAPALVTPYSPGQSQRAPRFPDCDR*
Ga0075420_1002654131,PMI_soil,soil_05,MIKSFVGVEAATNPAIFEDLFRLRHEIYIVRRKWGALRHEGGLEKDSYDNSDAVYLIGLSGDGAVNCGLRLLPTTVDHLFRDHFQHLAPLGLPQGDNVYELTRFFVATTRVPPRHRQRLIAILGAALFEYSLARGIETIICVTDAFLIPTMQSLHWEPRPLGLPSKYPEGTAVGVAIEISEETLDRLRETH
Ga0075426_100227714,PMI_soil,soil_06,MPEIHVIQRENRHLYEPYFDRYFRLRHDIYVKGRKWMALDRPDGLEKDQFDTEEAAYLFCLDNSQLIGAMRAVPTNLPNLMRDIFPYLSVDGPICRRDVYELSRIFVIPERRGEHAGPRIEMLLLTAIMEYGISLGLTGFSIVLESWWLPRFLRIGWKAHPLGLPRMIDEMSVLAMLVDCEEETWKSLRSQIGATRPILTWRGLDNLDRQILPEIRAPLPVAKRRR*
Ga0075425_1000403592,PMI_soil,soil_07,MVNLITVHNRAKFRAPLEAMHRDRKKIFVDALKWDVPVVDGQFEIDQFDTDEAIYLVALAPESHRHLGSVRLLPSTGPHLLGEVFPFLCDKGVPVGDDIYEITRLCTAPAKDIEPKLIRRRLATALCEFGLLYGINKYTCVTHVQYLTHLLSVGWECDMLGEPKQVGPDLVGALSISITPATLQLFREKLGSRTPVLQLDAFAQAA*
Ga0075423_100108513,PMI_soil,soil_08,MRRVKDVEFSENGFVVKTLHGEQLAQSYRLRHKVFAESLKWVPETEDRQEIDLYDLWATTVGLVREDGAVVGVARLLPSSSQFMLEKEFGALLPSGYQIRKGPDTAEITRLAVDPEIRDRGLSSRMMLALLKGVYQWAVENDIRYYYLEVEHRFFRALRALGFPCEMIGEPVVLPPAGASSVAALYDMVRFDEENAIKKPQFLNWISSIETLQGEVIVGRTSSYANSEKLGLVGAEA*
Ga0075424_1000120087,PMI_soil,soil_09,MIRYFQGRDRHHYRRETEEMFRLRARQFSDRLNWDVKVENGYEIDEFDQMNPLYLVSVDEDTGEIAGGLRFLSTTGPTMMKNVFDPYFDESFDIETPLIWECTRFAIEPAIAKRRTTPTGLCKTTFELMQGGCEVAMMAGVEQIVGIFDRLMVRIYRRAGWAPEIIASTDRLSHDTIFIGLWDVSQASLRAMHERSGMVGSVLEERMPEIKAVA*
Ga0075425_1002216552,PMI_soil,soil_10a,MLVLEESRPVEFLESGLLVKTLSDEQDLSASYQLRHQVFADRLQWVAKSVDGLEVDAYDAFATSVGLFDDNRKLRGVFRMVSPPYPFMIESEFRPCLLPNCEIRKERDTVEITRLALDPTLTDKGLSIRLMQVLFKGVYQWSMQNDVRYLYMVVEKRFLRVLRGMGFPCNAISPAVSLPPAEALSIAAVLDWKQFHETCPQKQPAFFQWMNVVDGSTSFEKSGFLARDPIEQFVTSGIAQTRRQDQLEGGRRELAAA*
Ga0075421_1011839231,PMI_soil,soil_10b,MPLMDETRPVVFCEDGLHVRTLVTKEDLSASYCLRHQVFAERLQWVDKSDDGIEVDSYDVFATSVGLFDHAETLRGVFRMVTPPAPFMLESEFRPCLLPNCEVRRERDTAEITRLAIDPTLTDRGLSIRLMQVLFKGVYQWSMQNEIRFLYMVVEKRFLRVLRGMGFTCEPVSPAVSLPPAGALSIAAVLDWKQFHDTCPMKQPAFFRWMHAIDGSLSFEKSVFLARDPKCDALQEEDAGRLVAA*
Ga0075424_1002425043,PMI_soil,soil_11a,MIEAFSLNTAHHFGDALASQARLRHRVFVERRALPHTSYDGMEYDEFDTPAAVYLVWRDESRIVRGLIRTAPTCVPYMLATYWPFLCRHRPLPRSRDVWEMTRVCVDRKFRPALRKRIIPELLCALQEFCQHNAITAVVGVTRQYLLNHFLREGVEWLGDVAEIEGEDEAAFWVPTGHLRPHAHCRLYGIDHPVLSLEPISQRIAA*
Ga0075421_1000931924,PMI_soil,soil_11b,MIEAFSLKTAHYFGDALASQARLRYRVFVEQRALPHPSYDGMEYDEFDTPAAIYLVWRDPHQVVRGLMRLVPTTVPYMVEKHWPYLFETRALPKSDRVFECSRVCVDRTYDARIRPVIMPELLCAGHEFCKHNGVDAVVGVTRKHLIGHFLRTGLEWLGEEQEIEGEREAAFWIPTSHMRPAWHCAKYGIPNRVLSFEPLNQRIAA*
Ga0075420_1001812142,PMI_soil,soil_11c,MIEAFSLKTAHHFGDALASQARLRYRVFVQQRALPHPSYDGMEYDEFDTPAAIYLVWRDPNLVVRGLMRLVPTTVPYMLQQYWPFLCETRQLPKSDKILEVSRVCVDRNYDARVRMVIMPELLCAIQEFSQHNGVDAAIGVTRKHLIDHFLRTGIEWLGDEREIEGEQEAAFWAPTSHMRPVWHCAKYGIPNRVLSFEPLNQRIAA*
Ga0111538_1000797412,PMI_soil,soil_12,MIRLIQGAERHKYPIEIEAMHRLRAAVFHARLAWPVTVLDGWERDGFDELNPLYVLVTTQEGVVRGSARLLPTTGPNMLADVFPNLLPEGKEVRSPSTWESSRFSVLQGPAEQISHPINPITGELLAGIVEVGIRAGLEFVVTVMDLAVERVLRRAGCPCDRIGSPRRIGKSLAVAGLFEMSDELLSGIRQASGLSDSNVCRRDAERLGLAA*
Ga0181128_0562,Acidovorax sp. 56,Acidvx_undef_01a,MRITSGCSAELRPPLMTRLARYRHRVFVETLGWQLQCRDALEWDQFDRDDTLYVIAQNAAGDVIGTARLLPTTRPYLLSEVFPVLLNGADPPQSPTVWELSRFAAVDFGGTTGSALDQFSSPITTGLLHAASRCAMAQGAQRMVTVSPLGVERLLRRTGFQSHRLGPPMVVNQQPLFACSIQCQ
Ga0213538_1727,Acidovorax sp. 93,Acidvx_undef_01b,MRITSGCSAELRPPLMTRMARYRHRVFVEKLGWQLHCRDALELDQFDRDDTVYVIAQNEDGEVIGTARLLPTTRPYLLAEVFPQLLNGAPAPDAPEVWELSRFASMDFSGPTGSALDQFSSPITTGLLQAASRCAMAHGAQRMVTVSPLGVERLLRRTGFESHRLGPPTVVQGHPLFACSIRCK
A3M1DRAFT_0732,Ancylobacter sp. FA202,Ancy_undef_01,MQRSGDGVRAVIFTADDDPASFCAFSRFRHLYFVEQLGWQLDVKEGLETDAFDSDAAIYCIVLDQGQVIGGWRALPTEAPYLAQTAFPQLATFGIYPRRPDVWEMTRLGATRHQALIYGLMFRFALQRQVHSLVAVVDTTHERLLRRHGIRTRRYGAPRHIGVTTRGRAIEAIAGEIPLADQDPRVIDRFLAGTRLAEISDGTLVFRSAGISA
U742DRAFT_0458,Bosea sp. 117,Bos_undef_03,MRALAIPADTHDDFVDLVDSMHRLRARVFKERLGWAVDVRDGRESDQFDGFSPTYIVALSSSSQVVGCARLLPATGPTMMDVLFPDLAASGLYKPNAFMIESSRFCVDTALDEGRAGGSLHDATLTMFAAIIEWAMVSGYREIVTGTDLRVERILNRAGWPMKRLGEPRRIGETTAVAGILPADRRSFERVRPASYFSTFCPQLRAA
B015DRAFT_5770,Hoeflea sp. 108,Hof_undef_01,MRRVFIVDWSNRKLFQQQMEQHFRLRHEIYVVERQWQSIARPIDIEMDAFDTEHAIYLLALDSSGDVIGGSRLIPSTRPHLLGDVFPHLAKGNPPRAPAIYEWTRFFIAFPHRATGKSARLAGEVLCGLMEASLQLGVRQISVVCEAFWPARLRTLGWTVEVLGEQLALDDSEIVAALIEVTEAALEGTRRFYSIEGPVLHPSVVLAPVRATEAAGHAH
G359DRAFT_3873,Hyphomicrobium sp. 99,Hyph_undef_01,MAMSSQRPRLVAKLCNVQSNPALVREFQEFRRRLFVDTLQWDLPVFGNLEIDQFDGTTATYCAIYADAKLISGFRAIRCDHEYLALSVFPQLATERPYPRAPDMWEISRLGVHPPDLNIAGVTYAVMLHLARLRGAKALVALVDLCHERLLRQIGIKTRRYGSPQFIGNDRKGRRLTAVAGEIPIQEQGGEAYDALMDLLQTVEIIDETLVFRPEVVQSGPAKVLPDASGIGDRAIGEAPSWAQTHLAGNRS
G359DRAFT_0235,Hyphomicrobium sp. 99,Hyph_undef_02,MSIPLSFRPRQDSLPPEEGSWHGDIQTFELRVLTKADDVDEATALRLRAYQAIGYDVSSDNGKYTDRFDSLETTVLLGAYDNGRLVGSVRLCFNHPWQTISSLPCGPYYPALKEIKSRADGALVEVSRLSIEPGINNTSYRTTLYAFLVRAALTAAQAAEVSMLLIATRPDWVKFYKYMLGFQPIGEPAFYPPGDFKITLLGGSLKQAQMRQKLQNRFFKITPDEVASMRVAIQPALAAAAVQDDDSKVAAQG
FG13DRAFT_1957,Janthinobacterium sp. RA13,Jan_undef_02,MKLLSAKSDTLCSILKSELEHYRYKVFVETLGWDLPSQDGRETDQFDHDDTYYVIARDGEGRINGCARLLPTDRQYLLGEIFPQLMAGQAPPRHHEIWELSRFTSMDLHDNRNTLEDTFRLLRKAIATAATLGARRIISVSPVGIERLLRQGGFSTERAGPPMRVNGHLLYACWIDVPAQLEPISALPARLWRMLGVRGTAALRGQIAGAA
LABMEDRAFT_3375,Labrys methylaminiphilus JLW10,Lab_undef_01,MIEVIQSYERHLHTETLDALYEMRARVFKDRLDWDVNVSNGREIDYFDDCDPVYLISRNQYTGRVEGGLRLLPTTGPNMLRDVFSVLLPDGEIVESPLIWESSRFAIDPDLATDGNRRLHSVTTELLCGIVEVGMLAGIDFVVSVYDARMARIFKLANCPADVIGVPTRIGRVMTYAGLFEISEEMRAGIAAAGQITGSVLRSETQVHAVAA
LABMEDRAFT_6361,Labrys methylaminiphilus JLW10,Lab_undef_02,MLHIIKGFDSSKQFELELAFRFRNEAFVEEAGWENLRRPDRREIDQFDTDDTIHILAMKDEQVQAYSRLNPTIKPHVLSEVYPGLASRGLIRDPRAWEWSRMGTAKRARGAGRGWNGPIGLLLRSVAYVALKFDIQTLVWQAHPGWITRASELGFDPFPMGLPKTIAGEPVIAAHMAVNLGVFVRMDALNLPRTGLADPAPCEWSDLITPMQQIHA
K368DRAFT_3113,Methylobacterium sp. 10,MethA_undef_06a,MIHIVTPANETMYRDEMEQVWRLRHDIFVTEKGWTDLAKPDRREIDQFDTPHAIHFLAIEDSRVIGYSRLLPTTRPHLLSDIMPQLCEGELPRGSDCWEWTRQAVARSHRARGKAVNPVSLALLTGIVEWGMHHGVNRLVLQMPTLYLLHVVQLHFRARPLGLPHAISGEDIIAATAEFDERTLARLRNVSGNPDSVLAPSSYAYLAA
A3OKDRAFT_1425,Methylobacterium sp. 77,MethA_undef_06b,MIHIITPANEAKYRDEMEQAWRLRHDVFVTEKGWSDLAKADSREIDQFDTPHAIHFLAIEDGKVIGYSRLLPTTRPHLLSDIMPQLCEGDLPRGSDTWEWTRQAVARSHRARGKVVNPVSLALLTGIVEWGMSHGVNRLVLQMPTLYLLHVVQLHFRARPLGLPHAISGEDIIAATAEFDERTLARLRGVSGNAESVLAPTSYEYLAA
A3OUDRAFT_0004,Methylopila sp. M107,MethB_undef_01,MIKVFAGCDVASFGNIFDEVFELRHRVFVDEMQWEDLRQADNREIDQFDDDFAIHHVAIRDGRVAGYQRMLSMGRPNLLSHVYPEICELEIPSTPDVWELTRYAVAPAFREGRRSVGTVGTALIAGFVEWGLISGIRKVIIEFEPMWVFRAMGLGFLPRPLGYPTIIGEQSIVPTEVTFNERTLRKIRETSGQSEPVVQFMGTLAERYRVAAAS
T451DRAFT_0797,Methylobacter tundripaludum 21/22,MethG_MbaI,MIHVVTGRQEELPHGLYSKVAHYRHKVFVERLGWQLQTFNYAEQDQFDRFDTVYVISRDEQGNISGCARLLPTTQPYLLGDVFPQLLNGMPPPNSPDVWELSRFAAVDFNAKTSCALGQFSSPITITLLQEAIAYAASQGAKRVITVSPVGVERLLKRTGFHAHRAGPPMVVDGHPIFACWIDIADEHILN
D895DRAFT_4664,Xanthobacteraceae bacterium 501b,Xanth_undef_01,MQRSGDGVRAVIFTADDDPASFCAFSRFRHLYFVEQLGWQLDVKEGLETDAFDSDAAIYCIVLDQGQVIGGWRALPTEAPYLAQTAFPQLATFGIYPRRPDVWEMTRLGATRHQALIYGLMFRFALQRQVHSLVAVVDTTHERLLRRHGIRTRRYGAPRHIGVTTRGRAIEAIAGEIPLADQDPRVIDRFLAGTRLAEISDGTLVFRSAGISA
Ga0066437_10005613,MO enrichment,MOmeta_undef_01,MSLNFRIAKRKSFKSEDLWAMHKLRADVFKGRMGWEVPIISGMEIDGYDAMEPLYMLMKKLNGELIGCWRVLPTVGPYMLKDSFPELLHGLPAPEQKDIWELSRFAIKTEANDGFGFSVLALESIREMMAYGKKHGITKYVTVTTTAIERLLKRSGAVISRLAPPIVIGVENAVALYLDVNATYVALSRTIAKAA
Ga0066455_1008473,MO enrichment,MOmeta_undef_02,MRMISGSTNALSQTVLERMASYRYRVFIETLGWELPVREGLELDQFDRPDTVYVLSHDARDEVNGCARLLPTTRPYLLGEVFPQLLAGREIPCSPDVWELSRFAAVDFNNQNLNPLQQFSSPVAVNLLRESIATAAAHGAKRLITVSPLGIERLLRRAGFRAHRAGPPLVVDGHAIFACWIDASAPEEAALAA
Ga0066479_10127772,MO enrichment,MOmeta_undef_03,MDNIRFDFSDFHRYGSAFYDFLALRKQVFVDQLGWDVPHNAKVEMDQYDTPVAHYSLVLRHGQVVGGARAMATTATWGTHTYMLRDAYSGKLPHIPSHVMSVEIATPHVWECTRLVISDALTTAAERTECLTGIVDGLVEITRAEGGEELICLSSLALMRALRQIGYEVSRLGDTYRNDEDGRQYAVLRMPAEFSRARQRRVEPI
Ga0066487_1007598,MO enrichment,MOmeta_undef_04,MELFTGNFDGLGPHVMADLARYRYRVFVERLGWDLACVRGWEVDQFDRADTLYVVARGVDGQVIGCARLLQTMKPYLLEAVFPQLMGATEIPKDHTVWELSRFSATDLSDQRCGQPTSDLVRAVLDGAFKLARNEDAETLLTVTTLSVERLLKRYGYRVTRVATPVRINSEWLVASWITIPPKPLNSATGFSAARTCFSTIGAARCKQPNARATYSN
Ga0066478_10000755,MO enrichment,MOmeta_undef_05,MALHIRIAARREFKSRDLWEMHTLRAKVFKDRLGWEVPIMSGMEIDGYDALEPLYMMIREPGGGALRGCWRILPTQGPYMLKDSFSQLLHGQDAPEHARIWELSRFAIETEGNPRFGFSEITMESIGEIISYGHHAGIDQYVTVTTTAIERLLRRAGVLTRRFGEPVQIGVERAVALYVDIEGTYEAMFERRLAS
Ga0066453_10006799,MO enrichment,MOmeta_undef_06a,MEHLVRTYSPAQLVYDDMVGMHRLRYEVFAERLGWDVQTENGMERDRFDDLEQVVFVLAKSSLGSVDACWRILPTMGPYMLRDVFPELLHGQQAPMSEDCWELSRFAVATNRTATGNASFGPISRALMVESASFALERGISRYVTVTTPIMERMLKHQGLHIHRIGPPVRIGVAAAVACMIEVDETTLKAVGMA
Ga0066464_10020685,MO enrichment,MOmeta_undef_06b,MEHLVQTFSAQQLAYEDMVGMHRLRYEVFSERLGWDVKTQDGMERDQFDDIAQATFMLAKSPDGCVDGCWRVLPTTGPYMLRDVFPELLHGQAPPMSDDCWELSRLAVATNRTATGNAAFGPISLALMAELASFALKRGINRYVAVTTPAVERLLKHQGLHIHRVGPPIRIGVSMALACVIELDAITLKAVGMG
Ga0066464_10012191,MO enrichment,MOmeta_undef_07,VNIVTGTPADLSSEIMAGVARYRHRVFVEKLGWQLRCENALEYDQFDRDDTVYVVAHNADEEVVGTARLLPTTRPYLLGEVFPQLLHGAPPPHSPDVWELSRFAAVDFRAQGTSALAQFSSPIAVGLLQASLECAARHGAKRFITVSPLGVERLLRIAGFRAHRLAPPTLMDGSPVFACSISCETQVAFDLADGVYPLALQA
Ga0208509_10381421,MO enrichment,MOmeta_undef_08,IPAARPARTEHAKVAKSGGHILASVLTFATIHRHGDMFVNFLKARHATFIEQKGWALPEIDGMEFDQYDTPLVSYIVIHEYGEILAGIRLSPTTARVGAHSYMIRDAQLGMLSGLPFDVLYFEAPVSSMIWEASRLFISQDVPSHRRAAVQALLMTKMAETARAGGASQVIGIVPSVFRRWLQRIGMNATPIGPEIEIDGDKTCAALFNLDE
Ga0066415_10178321,MO enrichment,MOmeta_undef_09,MLFKIRIAKRKHFKSEDLWAMHKLRARVFKGRMGWEVPVLSGMEIDGYDAVDATYMLVKGSGQVRGCWRILPTEGPYMLKDSFPQLLNGEAAPEHERIWELSRFAIEADVNNSFGFANLTIECIREMMAYGQKHAIEKYVTVTTTAVERLLKKAGCVVTRLAPPMVIGVENAVALYMDVDKTYAALSMPMEIAA
Ga0066463_10099482,MO enrichment,MOmeta_undef_10,MLTTTLSFANLHNHGELFANMLRARRELFIVHNKWDLPEAMGMEYDQYDTPASRWVVVHDDQGRVLAGNRLTPTTAKCGIYSYMIRDAQRGLLDTIPANLLTAEAPVGDHIWESSRLFVAHDVPSSIRRRVHAQLIQQLGDTVRGLGATHCLTLLAATWPRWADRVGVKMRAMGPVMEIDAIDNQVVEMDFSLTKH
Ga0066462_10001882,MO enrichment,MOmeta_undef_11,VHFTIGRRHEIDSEQLCAMHRLRADVFKKRKGWDVAIIADMEIDGYDALEPLYMLIQEGAGSEIKGCWRILPTTGPYMLRDTFSELLEGRPAPVSSQVWELSRFAVTPRYPGNKGFSDFTLEAVKAIVAYGIEQHIQRYVTVTTVAVERMLIRAGLVITRLGPVRAIGKEKAIALEIDLGAVTQRALFGVPKNCCGVTLQ
Ga0066487_1021382,MO enrichment,MOmeta_undef_12,MEVSIIRIPDGLSNWDLVGKYMRLRREVFINRLEWPLYQLDDMEFEQYDTVHSVYAIAHECGEVRGGARLLRTSQTIGSGKFTYSYMIRDACRNLLPGLPQDLCFNDPPVDRNIWELTRLVSRNTPMVAAKIMAATNQFLKEQDASCCLFLARPSFMRMAARMGYRPVPMGGVKKNQDGSFLAFGCDVTG
Ga0066464_100039810,MO enrichment,MOmeta_undef_13,MESIEFHALDYSATPHAWVADLYGLRKEVFADRLNWKVNIKNDIEFDEYDNERTTYLIGTWKGVPLAGLRLINTLDPYMVEGPFRDFFRCEPPKQALMAESSRFFVDKTRSRQLGLAHLPLTEMLLLCMHNHAARSGLESIITVVSNAMGRIVRSAGWHYEVLDSGEATPGEKVLLLNMPVSDANRQRLLSSIARKCPLSSSRASQWPQRLSPLDTAFHEPQRISA
Ga0066469_10082042,MO enrichment,MOmeta_undef_14,MRVHAIDQGNRRHFADQLDQHHCLRHDIYIGERKWRALRGSNGREYDQFDLPSAIYLLALTEDGEVAGGTRLLQSTGPTLLSEVFPQLADMRPYERASDVLEWTRFFVAPRFREEGRLCRTGGVISAAIIDYCLQSGVRKLNAVGETYWMPRISSLGWRPRPLGLPISHDGMSICAWTIDVTEYALQTTLKAYDLEASRLELPATSGPDTTDQRRHRTFA
PMI42_07398,Bradyrhizobium sp. YR681,Bra_A_77match,MIHVISAVNRHLYEDVLEQHFRVRHEIFVEERKWEGLRKPDGREIDTYDNDDAIYLLALENRRVLGGYRLYPTTKPTMMSEVFPHLAAVRGCPVDPQVWEWSRFFVTRERRDGAFNLQLMAAAQEFCLDQGIERLCLVMETWWLPRFHDIGFVVTPLGLPALVEGSWTMAATIEVRQESLDIVRERIGMTNVIQQDGPRIDCIARANLCGLAAAQRKSA
Ga0066734_8243,Burkholderia sp. OK233,Burk_G1_96match,MQTAIRIGMRQEFDNADINEMYRLRARVFHGRLGWDIPTIAGMEIDGYDALGPHYMLIQGDDRHVRGCWRLMPTEGPNMLKDTFPQLLHGADAPVGRHIWELSRFAIETSGEEQSFGFADLTMQAIHELVTFADRMGITRYVTVTTTPIERLLRKTGIDISRLGSPLQIGVERAVALDIAVSPKTRTALFGPMAAAA
Ga0157381_3575,Burkholderia sp. BT03,Burk_G2_94match,MHTAIRIGTRQEFDNNHINEMYRLRARVFRDRMGWDVPTIAGMEIDGYDALGPYYMLIQDADRAVRGCWRLMPTEGPNMLKDTFPQLLDGQDAPVGRHIWELSRFAIETDGEQTFGFADLTMHAIHELVTFADRMGITRYVTVTTTSIERLLRRTGIEVTRLGPPVKIGVERTIALDITVDAIRAAVCKPMPVAA
Ga0307685_108199,Rhizobium sp. BK376,Ens_C_77match,MIKLFSGTTRHHHLTAMDEMFRLRKKVFHDHLKWDVLVDGEWEIDHYDLSNPIYVLSYSDETGKLRGALRLLPTLGPNMLDDTFPILLGNTPEIRNSMIWESSRFCIDPEISQDRASNQVTVAAAELMCGVGELGLASGLSHIVTVTDVFLERMFRRMGCPGERIGEPKKIGSVYAVAVSWDVTTDLLYRMKQVAEIDGPVLEQETTVALARAA
Ga0215748_104216,Ensifer sp. AP48,Ens_C_89match,MIRILNGKTRAQHPQAVDDMFRLRKRVFHDFLKWDVQTDGAWEIDNYDTANPLYVLSYAPDGRLRGSLRLLPTLGPNMLDDTFPILLGDNPEIRSASVWESSRFCIEPEISQDRASNQVTIAAAELMCGVGELGLASGISHIVTVTDVFLERMFRRMGCPGERIAEPHRIGSVFAVAVAWEVTNDLLQRMKAIAAIEGTVLERPMSLETARAA
Ga0215797_3607,Pseudomonas sp. OV184,Pseu_E_100,MISIITRRHHELSATLEDDLGRYRHEVFIQQLGWQLDSTHARPQREFDQFDHADARHILALDAEHQVCGCARLLPTTQPYLLAQVFGFLCDQPTPRSSDTWEVSRFAARALEEGTLPMRVWWNSLNHAWSQGANRVVAVTTPALERYFLRHGVQLSRLGSPQRVNKDHVVALSFPAWQKNGQIALHAESAVA
Ga0365242_6755,Rhizobium sp. BK007,Rhi_A_63match,MYLLIQAHEYHKHTELLDQSFRLRKKIFADQLGWDVSVAGSYERDRYDDFHPAYLLWCDEDRIQLYGCARLMPTTGPTLLYDVFRDTFPDTCDLVAPRIWEGTRMCVDETAIARDFPDMRPDRAFCQLLLAVCEVAIDNGIHTMISNCDPQLKRIYQKAGAKFDELGRSDGYGRLPVCCGAFEVSPRVLAAMRRKIKVVGPLYRRHRVPLPVVRAPIGMSARSDEASAIVAVSMTRFRSGRCPHVQTCRRSVCADPLCSRSCRKGLQRIQSLLPLHRACGRGQAH
Ga0307695_7568,Rhizobium sp. BK333,Rhi_A_80match,MFIVIQAHEYHKYASILDQMFRLRKTIFADTLGWDVTVIGPYERDSYDALGPAYLVWCDERRMRFYGGIRLMPTTGPTLLYDVFRETFPAATDLVAPGIWEGTRMCIDEAAIASDFPDIDAGRAFSLLLLALCECALDHGIHTMISNYEPYLKRVYKRAGAEVDELGRCDGYGRYPVCCGAFEVSQRVLANMRHMLDVSAPLYVRPKPIRSVATRLLEMAA
Ga0365250_5416,Rhizobium sp. BK077,Rhi_C_92match,MLRILTKDMLDTDRRAFDEMFRARAAVFRDRLGWQVDVRDQWERDRYDEAEDPVYLVTQRPSGTLTGSLRLLPTTGATMLKSEFRHFFDQPIDVDSPTTWECTRFCVHPLAGHMEQSRTVATELLSGLCDLALDTGIESIVGVYDGAMVGVYRRIGWRPTPLARSLPEIGKLYVGLWDVTADNCRALRANLSRLERASPNRPRTFADGGMR
Ga0365250_5967,Rhizobium sp. BK077,Rhi_D_69match,MQVFALTKPRNVHEARLIQQHHQLRARVFAERLGWEVEVVDGQESDGFDTIGPTYVLAVSNAGDVSGCARLLPATGPTMVTNVFPSLLPKGGLNAHPAMIESSRFCVDTTLEEGRGSGSVHEVTLTMFAGIIEWCLVNAITEIVTVTDLRFERILSRVGWPLRRIGEPSRIGVTIAVAGVLQANTEAFQRLRPSSYRSQITGPLGQAA
Ga0365250_6854,Rhizobium sp. BK077,Rhi_D_73match,MQVLALSLPRTLQEAHLLHMHYQLRARVFSDRLGWEVEVSAGCESDGFDALRPTYVLAIAETGQLAGCARLLPTLGPTMVANVFPSLLPDGQLNGHAAMIESSRFCVDTALAEGRGDGSVHEATLTMFAGIIEWCFANGYTEIVTVTDLRFERILARVGWPLQRLGEPRKIGVTMAVAGTLPANAEIFLRLRPSNYRSELSPLSQAA
EX28DRAFT_1181,Enterobacter asburiae PDN3,Ent_A_99match,MNSVIEFFLHDYDDLPSALARELFRLRRKTFRDRLDWKVECVEDMEKDQFDNPNTTYLLGMYEGELLCGARFINSTHPTMISEIFHNYFTETIIFPADVPCCEISRLFLDKERRDSSSLQGVPASKALFLAMNIYCINNKYHGMYAVVSRGMYAIFRHANWKVEVIQRGVSEKGEVIYYIFMPASISIIEDIISKDKSSHWLREMLEHLRHL
Ga0115488_2826,Pantoea sp. OV426,Ent_B_79match,MNSVIDFFLHDYDELSVELATELYRLRRKTFQERLDWKVECIDGMEKDRFDNKNTTYLLGMHDGQLLCGARFIDSADPTMMSEIFHHYFSGINNLPTDIPCCEISRLFLDKEKRDSANLQGLPASKALFLAMIIFCMKRKYRGMYAVVSRGMYAIFRHANWKIDVIQKGLSEKGEVIYYIFMPASKSIIEDIIVKDKASDRLREMLPHLRHL
MesI,EMPTY,Mes_D_std,MVRIHLVTWENRKLYRKVLERYFRIRYDIYVKQRRWRAVARPINIEIDAFDNEHALYVLALDANGKIVGGSRLVPTLEPHLMSEVFPILAGGTPPRAAEIFEWTRFFVMPSFRTKGASSPVAGFVLCGLLETAQSLGIRQISVVCETFWPKRLRALGWTLFELGNALEHPDGDIIALLIDVTPEAIEQTRRAYGISGAILADGI
EnsI1,EMPTY,Ens_A_std,MRILTVAPEKYERHRDFLRQMHRLRATVFGGRLAWDVSITAGEERDQYDDCRPTYLLAIADGGKVAGCVRLLPASGPTMLGQTFPQLLDADSLCPHPGMVESSRFCVDTSLISQREASQLHLATLTLFAGIIEWSMASGYSEIVTATDLRFERILKRAGWPMQRLGEPAPIGNTIAIAGSLPADRGSFERVCPQGYHSTPQIDGSLLRSAA
EnsI3,EMPTY,Ens_C_std,MEKKMIRILNGRTRGQHPQSIDEMFKLRKRVFHDFLKWDVQTDGEWEIDNYDKSNPLYILSYSPETGKLRGSLRLLPTLGPNMLDDTFPILLGDNPEIRSASIWESSRFCIDPEISQDRASNQVTVAAAELMCGVGELGLASGISHIVTVTDVFLERMFRRMGCPGERIADPHRIGSVYAVAVAWEVTPSLLSAMKAVAAIEGTVLERPMSLETARAA
SinI,EMPTY,Sin_A_std,MIHVVTAENMQDYAGALDQAFRLRHRVFVEELGWSNLARPDRREIDEFDDEHAVHLLALDEGETVIGYSRLLPTTRPYLLPMVLPQLCEGTAPSGAHIVEWGRICVAESARTSGRRLNPTALALMTAIVEWGLPRGITSFVSEMPTSWILRLLQLHLRAIPLGLPHEIEGEEIVAVEAAFDRRSLRQLQTKRGDIRSVLAPPRASVARLAS
EMPTY,EMPTY,Nitroso_A_std,MLAQHGNGSLDKRAAMGMYRLRHEVFHDRLGWEVTTDNGMEHDEFDLADPVYVLAKGDEGDEDEVLGCWRLLPTQGPYMLKDTFPQLLHGQPAPQQSDVWELSRFAVMVPKYESAGFGFSEIPVKMMQTLFLFARHNKIKRYVTVTTVAVERLIRKLGVNVSRLGAPVKIGRVLTVACYIEIDAITEFALFGILPENAQRKAA
EMPTY,EMPTY,Nitroso_B_std,MLAQHGNGSMDQRAVAGMYRLRHEVFHERLGWEVTDDNGMEHDEFDHANPVYVLAKGDEDEVLGCWRLLPTMGPNMLKDTFPQLLHGQPAPQQADVWELSRFAVTVPKYESAGFGFSEIPVKMMQTLFRFARHNGIKRYVTVTTVAVERLIRKLGVNVSRIGPPIKIGRVLTVACYIEIDAITEFSLFGTLPEHAQREAA
HirI,EMPTY,Pro_A_std,EMPTY
BjaI_USDA,EMPTY,Bra_A_std,MGVSMIHAISAVNRHLYEDVLEQHFRLRHDIFVEERHWETLRRPDGREVDSYDDEDTVYLLALEGRRVVGGHRLYPTTKPSMMSEVFPHLAAVRGCPSDPLIWEWSRYFVVRDRRDGALNLQLMAAVQEFCLDQGIAQVSAIMETWWLPRFHEAGFVVTPLGLPALVENAWTMAATVDIRRQTLDVLHDRIGMPSIVQQDGPRLDAVARANLCGLAAAQRKSA
